SMILES,frequency
[5*]N,1327
[16*]c1ccccc1,595
[1*]C=O,566
[8*]C,354
[6*]C=O,350
[3*]O,296
[4*]C,267
[3*]OC,235
[4*]CC,231
[8*]CC,173
[1*]C(C)=O,164
[11*]S,112
[5*][NH3+],104
[5*]NC,103
[4*]CC=O,79
[5*]N1CCNCC1,78
[8*]CC=O,65
[5*]N1CCCCC1,61
[4*]CCC,56
[1*]C(=O)CC,55
[15*]C1CC1,53
[15*]C1CCCCC1,47
[5*]N1CCCC1,42
[14*]c1ccccn1,41
[8*]CCC,39
[5*][NH2+]C,36
[4*]C(C)C,33
[8*]C(C)C,33
[16*]c1ccc(F)cc1,32
[16*]c1ccccc1F,31
[5*]N1CCOCC1,30
[15*]C1CCNCC1,30
[16*]c1ccc(C)cc1,29
[1*]C(=O)C=O,29
[14*]c1cccs1,29
[14*]c1ccco1,29
[15*]C1CCCC1,29
[8*]C(F)(F)F,29
[4*]C(C)C=O,28
[14*]c1nncs1,28
[16*]c1ccccc1C,28
[13*]C1CCCO1,26
[9*]n1cccn1,26
[14*]c1nccs1,25
[6*]C(=O)[O-],24
[16*]c1cccc(C)c1,24
[5*][NH+]1CCCCC1,22
[16*]c1cccc(Cl)c1,21
[16*]c1ccc(Cl)cc1,20
[16*]c1cccc(F)c1,20
[14*]c1nnco1,18
[4*]CC(C)C,18
[16*]c1ccccc1Cl,18
[15*]C1CCCNC1,18
[13*]C1CCCN1,18
[14*]c1cscn1,17
[16*]c1ccncc1,16
[10*]N1CCCC1=O,16
[5*]N(C)C,15
[5*]N1CC[NH2+]CC1,15
[16*]c1cccnc1,15
[14*]c1cc[nH]n1,14
[4*]CCCC,14
[12*]S(=O)(=O)c1ccccc1,13
[11*]SC,13
[8*]CCC=O,13
[15*]C1CCNC1,13
[5*][NH+]1CCNCC1,13
[16*]c1cn[nH]c1,13
[7*]=Cc1ccccc1,12
[15*]C1CC[NH2+]CC1,12
[8*]CO,12
[14*]c1nc(C)cs1,12
[4*]C(C)CC,12
[13*]C1CCC[NH2+]1,12
[5*][NH+](C)C,12
[8*]C(C)(C)C,12
[4*]CC(C)O,11
[15*]C1CNC(=O)C1,11
[16*]c1ccc([N+](=O)[O-])cc1,11
[5*][NH+]1CCCC1,11
[12*]S(C)(=O)=O,11
[15*]C1CCC1,11
[16*]c1ccsc1,11
[4*]C(C)(C)C,10
[4*]CC=C,10
[6*]C(N)=O,10
[14*]c1ncno1,10
[14*]c1ncon1,10
[13*]C1CNCCO1,10
[15*]C1CCCCCC1,10
[14*]c1ccn[nH]1,10
[16*]c1ccc(O)cc1,9
[7*]=CC,9
[8*]CC(C)C,9
[14*]c1ncccn1,9
[16*]c1ccc([SH](=O)=O)cc1,9
[8*]CCO,9
[6*]C(C)=O,9
[14*]c1scnc1C,9
[14*]c1nnc[nH]1,8
[7*]=CC=O,8
[15*]C1CCOC1,8
[16*]c1ccc(Br)cc1,8
[16*]c1cc(C)ccc1C,8
[4*]CCO,8
[1*]C(=O)CCC,8
[8*]C(C)O,8
[16*]c1cnn(C)c1,8
[4*]CCC=O,8
[14*]c1ccon1,8
[14*]c1ccno1,8
[5*][NH-],8
[16*]c1ccccc1Br,8
[15*]C1C=CCC1,8
[16*]c1ccc(C)cc1C,7
[4*]CC(=O)[O-],7
[16*]c1cccc(Br)c1,7
[16*]c1c[nH]c2ccccc12,7
[16*]c1cncnc1,7
[8*]C(C)C=O,7
[8*]C[NH3+],7
[16*]c1cccc([N+](=O)[O-])c1,7
[8*]CCCC,7
[16*]c1ccccc1O,7
[9*]n1cnnn1,7
[14*]c1nc2ccccc2s1,6
[1*]C(=O)CC(C)C,6
[1*]C(N)=O,6
[4*]CC(C)(C)O,6
[16*]c1c(C)n[nH]c1C,6
[9*]n1nc(C)cc1C,6
[9*]n1cnnc1,5
[14*]c1cc(=O)[nH]cn1,5
[16*]c1cccc([SH](=O)=O)c1,5
[5*]N1CC(C)OC(C)C1,5
[16*]c1cc(C)cc(C)c1,5
[16*]c1ccc(Cl)cc1Cl,5
[14*]c1nc2ccccc2[nH]1,5
[16*]c1cccc(C#N)c1,5
[8*]C(C)(C)O,5
[9*]n1ccnn1,5
[16*]c1ccc(C)c(C)c1,5
[1*]C(=O)C(C)C,5
[14*]c1ccc(C)o1,5
[16*]c1c(C)noc1C,5
[15*]C1CCS(=O)(=O)C1,5
[14*]c1ccc[nH]1,5
[15*]C1CCC[NH2+]C1,5
[16*]c1ccc(C#N)cc1,5
[6*]C(=O)NNC=O,5
[16*]c1ccc(F)c(F)c1,5
[14*]c1ncn[nH]1,5
[14*]c1nncn1C,5
[14*]c1ccnn1C,5
[8*]CC=C,4
[14*]c1nccc(=O)[nH]1,4
[14*]c1n[nH]c(=O)c2ccccc12,4
[1*]C(=O)CC#N,4
[16*]c1cccc(C)c1C,4
[4*]CC[NH3+],4
[14*]c1ccncn1,4
[9*]n1cc[nH+]c1,4
[14*]c1cncs1,4
[6*]C(=O)NNC(C)=O,4
[9*]n1cnc2ccccc21,4
[5*]N1CCCCCC1,4
[13*]C1CCCCN1,4
[5*]N1CCCc2ccccc21,4
[16*]c1ccccc1[N+](=O)[O-],4
[16*]c1ccc2c(c1)OCCO2,4
[14*]c1ccn(C)n1,4
[13*]C1CCCCO1,4
[14*]c1[nH]cc[nH+]1,4
[9*]n1cccc1,4
[4*]C(C)C(C)C,4
[15*]C1CCOC1C,4
[10*]N1CCCCC1=O,4
[16*]c1cc(C)oc1C,4
[14*]c1nc[nH]n1,4
[9*]n1nccc1C,4
[4*]CC#C,4
[5*]N1CC[NH+](C)CC1,4
[9*]n1ccnc1,4
[3*]OC(F)(F)F,4
[4*]CC(C)(C)C,4
[14*]c1nnn[nH]1,4
[14*]c1cc(C)on1,4
[15*]C1CC=CCC1,4
[15*]C1CC1C,4
[15*]C1CCCC1C,4
[5*]NC1CCCc2ccccc21,4
[1*]C(=O)C(C)CC,3
[14*]c1nnc2ccccn12,3
[16*]c1cc(F)ccc1F,3
[7*]=C(C#N)C=O,3
[8*]C(C)[NH3+],3
[8*]CC[NH3+],3
[16*]c1ccc2c(c1)OCO2,3
[4*]C(C=O)C(C)C,3
[13*]C1(C)CCCO1,3
[16*]c1ccc(F)c(Cl)c1,3
[13*]C1CSCN1,3
[14*]c1cc(C)no1,3
[14*]c1cc(C)n[nH]1,3
[9*]n1ccc(C)n1,3
[3*]OC(F)F,3
[1*]C(=O)C(C)(C)C,3
[5*]N1CC(C)CC(C)C1,3
[8*]C(C)CC=O,3
[16*]c1cccc(O)c1,3
[13*]C1NC(=O)c2ccccc2N1,3
[15*]C1CCCOC1,3
[14*]c1nnc2n1CCCCC2,3
[16*]c1cccc(Cl)c1C,3
[4*]C1CCCCC1,3
[15*]C1CCCCC1C,3
[14*]c1c[nH]nn1,3
[15*]C1CC[NH2+]C1,3
[16*]c1c(C)cc(C)cc1C,3
[14*]c1n[nH]cc1C,3
[16*]c1ccc2c(c1)OCCCO2,3
[14*]c1ncoc1C,3
[14*]c1ncc(C)o1,3
[1*]C(=O)CC(C)(C)C,3
[14*]c1nc2ccccc2o1,3
[16*]c1ccc(Cl)nc1,3
[4*]CC(=O)NNC=O,3
[8*]CC(C)O,3
[15*]C1CC(C)OC(C)C1,3
[5*]N1CCN(C)CC1,3
[15*]C1CCCC(C)C1,3
[15*]C1CCOCC1,3
[14*]c1cccc[nH+]1,3
[16*]c1cc(C)[nH]c1C,3
[9*]n1c(C)ccc1C,3
[13*]C1COCCO1,3
[14*]c1cccn1C,3
[16*]c1ccoc1,3
[10*]N1C(=O)NC(C)C1=O,3
[13*]C1(C)NC(=O)NC1=O,3
[16*]c1ccc2ccccc2c1,3
[9*]n1ccc2ccccc21,3
[6*]C(=O)CC,3
[16*]c1ccc(C)cc1F,3
[16*]c1cccc2ccccc12,3
[12*]S(=O)(=O)c1cccs1,3
[12*]S(=O)(=O)c1ccc(F)cc1,3
[10*]N1C(=O)c2ccccc2C1=O,3
[14*]c1ccc(N)cn1,3
[5*]N1CCC(C)C(O)C1,3
[14*]c1n[nH]c2c1CCC2,3
[9*]n1ncc2c1CCC2,3
[8*]CC(=O)[O-],3
[4*]CCC(C)C,3
[5*]N1CCc2ccccc21,3
[14*]c1nc2sc(C)c(C)c2c(=O)[nH]1,2
[4*]CCC(F)(F)F,2
[10*]N1C(=O)NC(=O)C1=O,2
[9*]n1ncc2ccccc2c1=O,2
[14*]c1cnco1,2
[5*]N1CCCC(C)C1,2
[5*]N1CC2CCC[NH+]2CC1C,2
[11*]SC(N)=C(C#N)C(C#N)=C(N)S,2
[15*]C1CCCCC1S(C)(=O)=O,2
[5*]N1CCc2ccccc2C1,2
[15*]C1C2CCOC2C12CCC2,2
[16*]c1ccc(F)cc1F,2
[14*]c1ncccc1F,2
[5*]N1CCSC1,2
[8*]CC(=O)NNC=O,2
[14*]c1sccc1C,2
[15*]C1CCCC(C2CC2)C1,2
[4*]C(C)CO,2
[14*]c1[nH+]ccn1C,2
[7*]=C(C)C=O,2
[9*]n1nnc2ccccc2c1=O,2
[15*]C1CCOC2(CCOCC2)C1,2
[5*]N1CCC([SH](=O)=O)C1,2
[12*]S(=O)(=O)C1CCNC1,2
[14*]c1ccc(Br)s1,2
[10*]N1CNc2ccccc2C1=O,2
[14*]c1ccc2ccccc2n1,2
[8*]CCl,2
[14*]c1ccc(Cl)s1,2
[5*]N1CCC1,2
[15*]C1CNC1,2
[4*]CC(F)(F)F,2
[9*]n1cn[nH]c1=O,2
[14*]c1n[nH]c(=O)[nH]1,2
[14*]c1cc(C)nn1C,2
[15*]C1CCNC1=O,2
[8*]CC(C)(C)C,2
[5*]N1CCCCC1C,2
[12*]S(=O)(=O)c1ccccc1Cl,2
[16*]c1ccc2sccc2c1,2
[15*]C1CCCC1S(C)(=O)=O,2
[16*]c1ccc(C#N)c(Cl)c1,2
[16*]c1c(C)cc(C)nc1Cl,2
[4*]C(CC)C(C)C,2
[14*]c1nncn1N,2
[14*]c1cnccn1,2
[8*]CS(C)(=O)=O,2
[16*]c1ccc([N+](=O)[O-])cc1Cl,2
[10*]N1CCOC1=O,2
[14*]c1nnc(C)s1,2
[16*]c1cccc2scnc12,2
[7*]=Cc1cccs1,2
[16*]c1cc2ccccc2oc1=O,2
[16*]c1cccc(I)c1,2
[9*]n1cc(C)cn1,2
[8*]C[SH](=O)=O,2
[15*]C1CC2C=CC1C2,2
[16*]c1ccccc1C#N,2
[8*]C(O)CS(=O)c1ccc(Cl)cc1,2
[13*]C1COc2ccccc2O1,2
[8*]CCCC=O,2
[15*]C1CCOC2(CCCC2)C1,2
[4*]CC(=O)NNC(=O)CC,2
[14*]c1cn2ccccc2n1,2
[14*]c1cc(C)[nH]n1,2
[16*]c1cc(Cl)ccc1Cl,2
[4*]CC(C)C=O,2
[9*]n1ncccc1=O,2
[14*]c1ccc(=O)[nH]n1,2
[5*]NC(N)=S,2
[4*]C(C)CCC,2
[10*]N1C(=O)C2CC=CCC2C1=O,2
[14*]c1cc(C)n(C)n1,2
[6*]C(=O)C1=C([O-])C(=O)NC1,2
[10*]N1CC(C=O)=C([O-])C1=O,2
[13*]C1NC(=O)C([O-])=C1C=O,2
[5*][NH+]1CCCCC1C,2
[5*]N1CC(=O)Nc2ccccc21,2
[16*]c1ccc2c(c1)CCCN2,2
[14*]c1cccnn1,2
[8*]CC#N,2
[15*]C1CCCCC1S(=O)CC,2
[4*]CC#N,2
[8*]CC(=O)NNC(C)=O,2
[10*]N1C(=O)CC(C)C1=O,2
[4*]C1CCCC1,2
[16*]c1cnoc1C,2
[13*]C1CCCC[NH2+]1,2
[5*][NH+]1CCCC(C)C1,2
[14*]c1ncnn1C,2
[15*]C1CCC(C)CC1,2
[14*]c1cccc(Cl)n1,2
[13*]C1CN2CCCC2CO1,2
[14*]c1ccnc(C)n1,2
[13*]C1Nc2ccccc2C2C=CCC12,2
[14*]c1ncnc2c1cnn2C,2
[14*]c1ncc2cnn(C)c2n1,2
[16*]c1c(F)cccc1Cl,2
[12*]S(=O)(=O)c1ccccc1C,2
[16*]c1ccc(C)c([SH](=O)=O)c1,2
[16*]c1ccc(F)cc1Cl,2
[12*]S(=O)(=O)CC,2
[16*]c1cc[nH+]cc1,2
[16*]c1ccnc(C)c1,2
[14*]c1cccc(C)n1,2
[7*]=Cc1ccc(O)c(Cl)c1,2
[1*]C(=O)CCC=O,2
[4*]CC#CC,2
[14*]c1ncnc(NNC=O)c1N,2
[6*]C(=O)NNc1ncncc1N,2
[14*]c1c[nH]cn1,2
[8*]CC(=O)C1=NNC2C(=O)NC(=O)C12,2
[9*]n1ncc2ccccc21,2
[16*]c1cn[nH]c1C,2
[14*]c1ncc(C)s1,2
[4*]C1(C)CCS(=O)(=O)C1,2
[5*]N1c2ccccc2CC1C,2
[14*]c1nnnn1C,2
[4*]CC(C)(C)S(C)(=O)=O,2
[5*]N1CCOC(C)C1,2
[9*]n1cc[nH]c(=O)c1=O,2
[12*]S(=O)(=O)CCC,2
[16*]c1cccc2c1OC1(C=Cc3ccccc3O1)C=C2,2
[16*]c1ccc2c(c1)C=CC1(C=Cc3ccccc3O1)O2,2
[14*]c1csnn1,2
[16*]c1conc1C,2
[4*]C(C)CS(C)(=O)=O,2
[14*]c1ncns1,2
[14*]c1ncsn1,2
[5*]N1CCCNCC1,2
[14*]c1nc(C)no1,2
[5*]NC(=S)NNC(=O)CC,2
[8*]CCC(=O)NNC(N)=S,2
[15*]C1CCC(=O)NC1,2
[16*]c1cc(Cl)ccc1C,2
[14*]c1ncncc1[N+](=O)[O-],2
[7*]=C1C(=N)N2N=C(CCCCCC)SC2=NC1=O,1
[7*]=Cc1cc(C)[nH]c1C,1
[9*]n1c(C)cc(C)c1C,1
[4*]CCC(C)C=O,1
[7*]=Cc1ccco1,1
[8*]CN1CCCCC1,1
[15*]C1CCN(C)CC1,1
[16*]c1ccc2c(c1)C(=O)c1ccccc1C2=O,1
[16*]c1cc(F)c(F)cc1Cl,1
[1*]C(=O)CO,1
[8*]C(O)C=O,1
[12*]S(=O)(=O)c1ccc(Cl)cc1F,1
[5*]N1c2ccccc2NC(=O)CC1C,1
[10*]N1C(=O)c2[nH]ncc2C1c1ccc(C)cc1,1
[14*]c1n[nH]c2c1C(c1ccc(C)cc1)NC2=O,1
[16*]c1cc(Cl)ccc1O,1
[15*]C1CCCC(S(=O)CC)C1,1
[14*]c1ncco1,1
[7*]=Cc1ccc2c(c1)OCO2,1
[13*]C1C[NH+]2CCN1CC2,1
[5*]NC(=S)N1CC[NH+](C)CC1,1
[14*]c1cc(Cl)cs1,1
[5*]N1CCC2CCCCC2C1,1
[13*]C1CNCC[NH2+]1,1
[5*]NC1=[NH+]C(C)CS1,1
[16*]c1cc(C)ccc1O,1
[9*]n1c(C)c(C)sc1=O,1
[16*]c1cc([N+](=O)[O-])cc(C=NNc2ccccc2C)c1O,1
[14*]c1nn2c(=O)cc(C)nc2s1,1
[14*]c1nc(N)c2c(C)c(C)sc2n1,1
[5*][NH+]1CCc2[nH]ncc2C1,1
[14*]c1n[nH]c2c1C[NH2+]CC2,1
[9*]n1ncc2c1CC[NH2+]C2,1
[15*]C1CCC(F)(F)CC1,1
[1*]C(=O)C1=C(N)Oc2c(occc2=O)C1c1cccc(F)c1,1
[14*]c1cc(=O)c2c(o1)C(c1cccc(F)c1)C(C=O)=C(N)O2,1
[14*]c1nc([O-])c2c(n1)CCC2,1
[14*]c1ncnc2oncc12,1
[14*]c1noc2ncncc12,1
[16*]c1c(N)n(C=O)c2ccccc12,1
[6*]C(=O)n1c(N)cc2ccccc21,1
[16*]c1c(O)cc(Cl)cc1Cl,1
[1*]C(=O)CC(C)C=O,1
[6*]C(=O)C(C)CC=O,1
[1*]C(=O)C(=O)NN=Cc1ccccc1F,1
[9*]n1c(C)cc(C2=NNC(=Nc3ccc(F)cc3)SC2)c1C,1
[14*]c1nc(N)ccc1C#N,1
[16*]c1cc(C#N)cnc1N,1
[14*]c1ncnc2c1CCCCC2,1
[15*]C1([N+](=O)[O-])CCCCC1,1
[10*]N1CCOc2ccccc2C1=O,1
[7*]=C1CCSCC1,1
[14*]c1cocn1,1
[12*]S(=O)(=O)c1cc(C)ccc1O,1
[12*]S(=O)(=O)c1cccc(F)c1,1
[9*]n1c([O-])c2[nH]ccc2nc1=S,1
[16*]c1c[nH]c2c([O-])[nH]c(=S)nc12,1
[5*]N1CC=C(c2ccc(Cl)cc2)CC1,1
[16*]c1ccc(S(C)=O)cc1,1
[8*]CCCO,1
[14*]c1ccc([N+](=O)[O-])cn1,1
[14*]c1ncccc1[N+](=O)[O-],1
[12*]S(=O)(=O)CC(C)C,1
[16*]c1cccc2c1CCCN2,1
[12*]S(=O)(=O)c1c(C)cc(C)cc1C,1
[7*]=C1C(=O)N(C)c2ccccc21,1
[7*]=C(SC1=NC2[NH+]=c3ccccc3=C2N=N1)C(=O)[O-],1
[14*]c1sc2ccccc2c1Cl,1
[4*]CC(=C)C,1
[16*]c1cccc(F)c1Cl,1
[14*]c1n[nH]c2ccc(C)cc12,1
[5*]N1CC(C)(C)C1(C)C,1
[16*]c1cccc(F)c1C(N)=S,1
[1*]C(=O)CCC[NH3+],1
[4*]C(C[NH3+])CC=O,1
[4*]CC(=O)N1CCC(c2ccccc2)=N1,1
[16*]c1ccc(C2=NN(C(C)=O)CC2)cc1,1
[13*]C1CC(c2ccccc2)=NN1C(C)=O,1
[16*]c1c(C)noc1N,1
[5*]N1CCOCC(O)C1,1
[5*]N1Cc2ccccc2N(C)CC1C,1
[1*]C(=O)CS(=O)(=O)c1cccc[n+]1[O-],1
[12*]S(=O)(=O)c1c(C)noc1C,1
[5*]N1CCc2sccc2C1,1
[8*]CCC[NH3+],1
[8*]C([NH3+])CC,1
[16*]c1cccc(Br)c1F,1
[5*]N1CCC([NH3+])CC1,1
[15*]C1CC[NH+](C)CC1C,1
[14*]c1sc(S(N)(=O)=O)cc1C,1
[16*]c1ccnc2ccccc12,1
[1*]C(=O)C(C[NH3+])CC(C)C,1
[16*]c1ccc(S(C)(=O)=O)cc1,1
[15*]C1CC[NH2+]C1C,1
[9*]n1c(=O)oc2ccccc21,1
[8*]C(C)([NH3+])CC,1
[13*]C1Cc2ccccc2O1,1
[16*]c1cccc2c1OCC2,1
[5*]N1CCc2ncsc2C1,1
[14*]c1nc2c(s1)CNCC2,1
[16*]c1ccc2[nH]ccc2c1,1
[9*]n1nncc1N,1
[14*]c1nn[nH]c1N,1
[12*]S(=O)(=O)CC(C)CCl,1
[16*]c1cc2c3c(c1)C1C=CCC1CN3CC1CC=CC21,1
[7*]=Cc1[nH]ncc1Br,1
[9*]n1ncc(Br)c1C,1
[14*]c1n[nH]c(C)c1Br,1
[7*]=C1CCc2cc(N)ccc21,1
[16*]c1ccnc(F)c1,1
[16*]c1cnccc1C,1
[15*]C1CCCCCCC1,1
[1*]C(=O)CS(=O)(=O)c1ncn[n-]1,1
[14*]c1n[n-]c(S(=O)(=O)CC=O)n1,1
[15*]C1CCCC(O)CC1,1
[15*]C1(O)CCCCCC1,1
[9*]n1nc(C)c2[nH]c(=S)[nH]c21,1
[9*]n1c(=S)[nH]c2c(C)n[nH]c21,1
[14*]c1nc2ncccn2n1,1
[16*]c1cccc([N+](=O)[O-])c1C,1
[16*]c1ccc2c(c1)COC2,1
[7*]=Cc1cn[nH]c1,1
[7*]=C(C#N)c1nccs1,1
[14*]c1csc(CC#N)n1,1
[9*]n1nc[nH]c1=O,1
[16*]c1cc(Cl)ccc1C#N,1
[9*]n1nc2cnccn2c1=O,1
[14*]c1nccn2c(=O)[nH]nc12,1
[12*]S(=O)(=O)c1ccc(C)cc1,1
[16*]c1cccc(C=NNC=O)c1,1
[16*]c1ccc(C=NNC=O)cc1,1
[6*]C(=O)NN=Cc1ccccc1,1
[16*]c1ccc(O)cc1O,1
[9*]n1nc(C)cc1Cl,1
[16*]c1c(C)n[nH]c1Cl,1
[4*]C(C)C(N)=O,1
[1*]C(=O)CS(C)=O,1
[8*]CS(=O)CC=O,1
[14*]c1csc(NN=C2CCCCCN2)n1,1
[14*]c1cc(C)cs1,1
[5*]N1CCn2cnnc2C1,1
[14*]c1nnc2n1CCNC2,1
[9*]n1cnc2ccccc2c1=O,1
[14*]c1nc2ccccc2c(=O)[nH]1,1
[16*]c1ccc(F)c(F)c1F,1
[16*]c1ccc2ocnc2c1,1
[13*]C1CC(c2cccc(F)c2)=NO1,1
[5*]N1CCCC([NH3+])C1,1
[5*]N1CCOC1=C(C=C(Cl)[N+](=O)[O-])[N+](=O)[O-],1
[13*]C1COC(=C(C=C(Cl)[N+](=O)[O-])[N+](=O)[O-])N1,1
[16*]c1ccc2cc[nH]c2c1,1
[16*]c1ccc2c(c1)NC(=O)C(C)O2,1
[1*]C(=O)C1=NN(C)C(=O)CC1,1
[5*][NH+]1CC(C)CCCC1C,1
[4*]CC(N)=O,1
[5*]NC1CCCc2ccc(F)cc21,1
[5*][NH+]1CCCN2CCCC2C1,1
[16*]c1cccc(C(N)=NC(C)=O)c1,1
[8*]CC(=O)N=C(N)c1ccccc1,1
[16*]c1c(C)[nH]c2ccnn2c1=O,1
[15*]C1CCC([NH3+])C1,1
[16*]c1cccc(Cl)c1Cl,1
[13*]C1Cc2ccccc2CN1,1
[14*]c1nnc(C)o1,1
[9*]n1c(C)c(C)n2c3c(=O)[nH]c(=O)n(C)c3nc12,1
[9*]n1c(=O)c2c(nc3[nH]c(C)c(C)n32)n(C)c1=O,1
[8*]C(C)C(C)=O,1
[16*]c1ccc2c(c1)C(=O)N(C)C2=O,1
[15*]C1C2CCOC2C1(C)C,1
[14*]c1cc2sccc2[nH]1,1
[9*]n1ccc2sccc21,1
[5*][NH+]1Cc2ccccc2C1,1
[16*]c1cccc2c1C[NH2+]C2,1
[1*]C(=O)CC1CSc2nccc(=O)n21,1
[16*]c1c(C)nc2c3ccccc3nn2c1C,1
[14*]c1[nH]c(C)cc1C,1
[16*]c1c(C)c[nH]c1C,1
[14*]c1cnc2ccccn12,1
[16*]c1ccc2c(c1)NC(=O)CC2C1[NH+]=c2ccccc2=C1C,1
[14*]c1ncncc1Cl,1
[14*]c1ncc(Cl)cn1,1
[11*]SC1=NC2[NH+]=c3ccccc3=C2N=N1,1
[8*]CN1CCNCC1,1
[9*]n1nc[nH]c1=S,1
[14*]c1n[nH]c(=S)[nH]1,1
[8*]C(C)(C)CCC,1
[4*]CC(=O)N1CCC(c2ccc(C)cc2)=N1,1
[13*]C1CC(c2ccc(C)cc2)=NN1C(C)=O,1
[9*]n1c(C)cc2c1CC(C)(C)CC2=O,1
[16*]c1c(C)[nH]c2c1C(=O)CC(C)(C)C2,1
[14*]c1cc(=O)c2cc(Cl)c(C)cc2o1,1
[16*]c1cnc2ccccc2c1,1
[16*]c1cc(F)cc(F)c1,1
[9*]n1c(=S)[nH]c2c(C)nn(C)c21,1
[15*]C1CCC(C)C(C)C1,1
[6*]C(=O)NN=CC,1
[7*]=CC=NNC=O,1
[9*]n1cnc(C)c(Br)c1=O,1
[8*]CC(C)(C)C(=O)NN,1
[5*]N1CCc2ncccc2C1,1
[16*]c1cnc2c(c1)CNCC2,1
[5*][NH+]1CCNC(=O)C1,1
[10*]N1CC[NH2+]CC1=O,1
[14*]c1nc(C)cc(=O)[nH]1,1
[4*]CCC(C)CCS,1
[16*]c1ccccc1C1CC(O)=Nc2ncsc21,1
[14*]c1nc2c(s1)C(c1ccccc1)CC(O)=N2,1
[16*]c1cc(C)nc2c1c(=O)[nH]n2C,1
[16*]c1cc(C)c2c(c1)OCC2=O,1
[7*]=C1Oc2cccc(C)c2C1=O,1
[7*]=Cc1cccc(F)c1,1
[13*]C1COC(=O)N1,1
[16*]c1cc(C)cc(C)c1C,1
[1*]C(=O)C=NO,1
[3*]ON=CC=O,1
[14*]c1cc2c(s1)CCCC2,1
[12*]S(=O)(=O)c1ccccc1[N+](=O)[O-],1
[8*]C(O)CC,1
[14*]c1n[nH]cc1N,1
[14*]c1[nH]ncc1N,1
[14*]c1cc2c(C)cc(C)nc2s1,1
[16*]c1csc2nc(C)cc(C)c12,1
[16*]c1cccc(C=NN2C(=O)c3ccccc3C2=O)c1,1
[16*]c1ccccc1C=NN1C(=O)c2ccccc2C1=O,1
[12*]S(=O)(=O)c1cccc2cccnc12,1
[13*]C1C[NH+](C)CCN1C,1
[14*]c1occc1Br,1
[16*]c1ccc2oc(=O)ccc2c1,1
[14*]c1csc(=NN=Cc2ccco2)[nH]1,1
[16*]c1cccnc1Cl,1
[16*]c1ccccc1I,1
[8*]C([NH3+])C(=O)[O-],1
[14*]c1sc(Cl)nc1C,1
[5*]N1CCc2c(F)ccc(F)c2C1,1
[14*]c1nnsc1Cl,1
[15*]C1CCC(C#N)CC1,1
[15*]C1(C#N)CCCCC1,1
[16*]c1cccc(C(N)=NO)c1,1
[3*]ON=C1CCS(=O)(=O)C1,1
[15*]C1CS(=O)(=O)CC1=NO,1
[9*]n1ccc2ccc([N+](=O)[O-])cc21,1
[4*]CC1(O)CCc2ccccc21,1
[5*]NC1CCOc2ccc(F)cc21,1
[8*]C(C)(C)CC,1
[16*]c1c[nH]c2cc(F)ccc12,1
[5*][NH+]1CCc2nc[nH]c(=O)c2C1,1
[14*]c1nc2c(c(=O)[nH]1)C[NH2+]CC2,1
[16*]c1cc(=O)[nH]c2c(Cl)cccc12,1
[16*]c1cc2cccc(Cl)c2[nH]c1=O,1
[16*]c1cccc2c1c(=O)n1c3ccccc3c3ccnc2c31,1
[16*]c1ccc2c(c1)c(=O)n1c3ccccc3c3ccnc2c31,1
[14*]c1cc2c3ccccc3n3c(=O)c4ccccc4c(n1)c23,1
[8*]C(C[NH3+])C(F)(F)F,1
[16*]c1ccoc1C,1
[4*]C1N=C(c2ccccc2)NC1=O,1
[10*]N1C(=O)CN=C1c1ccccc1,1
[13*]C1N=C(c2ccccc2)NC1=O,1
[14*]c1cc(C)[nH+]cn1,1
[14*]c1nccc(C)[nH+]1,1
[5*]N1CCc2ccccc2C1CC(=O)[O-],1
[16*]c1ccc2c(c1)CCO2,1
[9*]n1cnc2c1c(=O)n(C)c(=O)n2C,1
[16*]c1csc2ccccc12,1
[14*]c1ccc(Br)o1,1
[14*]c1ncnc2sc(C)c(C)c12,1
[15*]C1CCOC1=O,1
[5*]N1C(C)CC2CCCCC21,1
[13*]C1COC2(CCCCC2)O1,1
[14*]c1ncc2ccccn12,1
[7*]=C(C)C,1
[15*]C1C(C)C1(C)C,1
[7*]=CC1CC1(C)C,1
[7*]=C(C)c1ccc(Cl)cc1,1
[7*]=C1SC(N2CCCC2)=NC1=O,1
[5*]N1CCc2cc(C)ccc21,1
[9*]n1nc(C)c2ccccc2c1=O,1
[1*]C(=O)C(CC)CC,1
[4*]CC(=O)NN=Cc1nc2ccccc2[nH]1,1
[9*]n1c(C=NNC(C)=O)nc2ccccc21,1
[9*]n1nnc2c(=O)nc[nH]c21,1
[14*]c1nc(=O)c2nn[nH]c2[nH]1,1
[14*]c1nc2c(C)cc(Cl)cc2s1,1
[15*]C1Cc2ccccc2C1,1
[4*]CCCC(N)=O,1
[16*]c1cccc(C2=NN3COc4ccccc4C3C2)c1,1
[16*]c1cccc2c1OCN1N=C(c3ccccc3)CC21,1
[13*]C1Oc2ccccc2C2CC(c3ccccc3)=NN12,1
[16*]c1cc(F)c(F)cc1F,1
[14*]c1ncccc1I,1
[15*]C1(C)CC1(Cl)Cl,1
[5*]N1CCOCCC1C,1
[16*]c1cnc2c(C)c(C)ccc2c1,1
[14*]c1ccc2ccc(C)c(C)c2n1,1
[1*]C(=O)C(=O)NN=Cc1c(O)ccc2ccccc12,1
[1*]C(=O)NNc1cccc(C#N)c1,1
[14*]c1cn2cc(Cl)ccc2n1,1
[8*]C(C)CC,1
[5*]N1CC[NH2+]C(C)C1,1
[13*]C1C[NH2+]C(C)CN1,1
[13*]C1(C)CNCC[NH2+]1,1
[6*]C(=O)Cl,1
[14*]c1cc(=O)n2ccsc2n1,1
[13*]C1CSC2(C)CCC(=O)N12,1
[16*]c1ccc2c(=O)[nH]c([S-])nc2c1,1
[16*]c1ccc2nc([S-])[nH]c(=O)c2c1,1
[9*]n1c([S-])nc2ccccc2c1=O,1
[16*]c1ccc(C)c(Cl)c1,1
[9*]n1cc[nH]c1=O,1
[14*]c1c[nH]c(=O)[nH]1,1
[14*]c1cc2cccnc2s1,1
[16*]c1csc2ncccc12,1
[4*]CC1=CCCOC1,1
[4*]CCC(C)O,1
[14*]c1nc2c(C)cccc2s1,1
[16*]c1cccc(F)c1[N+](=O)[O-],1
[16*]c1c(C)n(C)[nH]c1=O,1
[9*]n1c(=O)cc(C)n1C,1
[15*]C1(C#N)CCCC1,1
[12*]S(=O)(=O)c1ccc(F)cc1Cl,1
[16*]c1ccc2[nH]cnc2c1,1
[8*]C(F)F,1
[9*]n1cnc2ccsc2c1=O,1
[14*]c1nc2ccsc2c(=O)[nH]1,1
[15*]C1CCC[NH2+]C1C,1
[16*]c1ccc2c(c1)-c1nc3ccccc3n1C2=O,1
[4*]C(C=O)CC,1
[4*]CCCCS(C)(=O)=O,1
[12*]S(=O)(=O)c1ccc(C)s1,1
[14*]c1nc2cc3c(cc2cc1C#N)OCO3,1
[1*]C(=O)C1=C(C)Nc2ncnn2C1c1ccc(F)cc1,1
[15*]C1CSC(C)C1,1
[13*]C1CNCC[NH+]1C,1
[16*]c1cc2c(cc1Br)C(=O)C(=O)N2,1
[16*]c1ccc(Cl)c(F)c1,1
[14*]c1cc2ccccc2[nH]1,1
[5*]N1CCC([NH3+])C1,1
[4*]CCC(C)(C)O,1
[15*]C1CCCNC1=O,1
[16*]c1cc2c3c(c1)CCN3C(=O)CC2,1
[14*]c1nc2ccccc2n1C,1
[15*]C1CCC(O)CC1,1
[16*]c1ccc(C)c(I)c1,1
[1*]C(=O)C1CC(=O)Nc2ccccc21,1
[5*]N1C(C)=NS(=O)(=O)c2ccccc21,1
[16*]c1ccc2c(c1)S(=O)(=O)N=C(C)N2,1
[5*]N1CC[NH+]2CCCC2C1,1
[15*]C1CS(=O)(=O)CC1O,1
[14*]c1nc2cc(Cl)ccn2c1C,1
[5*][NH+]1CCC1,1
[15*]C1C[NH2+]C1,1
[7*]=C1SC(=O)NC1=O,1
[10*]N1C(=O)CSC1=O,1
[5*]NC1CCOc2ccccc21,1
[14*]c1nn(C)c(=O)c2ccccc12,1
[16*]c1ccc(S(N)(=O)=O)cc1,1
[16*]c1cccc(C([O-])=NS(=O)(=O)C(CC)CC)c1,1
[14*]c1nnc2ccc3nncn3n12,1
[7*]=C([O-])c1ccccc1,1
[16*]c1cccc(C[O-])c1,1
[14*]c1n[nH]c(C)n1,1
[14*]c1c(C)nc2ccccn12,1
[14*]c1nc2nc[nH]c(=O)c2s1,1
[9*]n1cnc2ncsc2c1=O,1
[14*]c1nc2ncsc2c(=O)[nH]1,1
[14*]c1nc(C)sc1C,1
[14*]c1cc2cc(F)ccc2o1,1
[16*]c1c(C)cccc1C,1
[12*]S(=O)(=O)c1cncc(F)c1,1
[4*]C(C)CCC(C)C,1
[5*]N1CCN(C)C2CS(=O)(=O)CC21,1
[13*]C1CN(C)CCO1,1
[14*]c1oc2ccccc2c1C,1
[16*]c1cc(Cl)c2c(c1)OCCCO2,1
[16*]c1cc([N+](=O)[O-])c[nH]c1=O,1
[9*]n1cc([N+](=O)[O-])ccc1=O,1
[8*]C(Cl)C(F)(F)C(F)F,1
[16*]c1ccc(Cl)c(Cl)c1,1
[5*]N(C)C1CCCc2ccccc21,1
[4*]CC(C)(O)C(C)CC,1
[7*]=Cc1cc(C#N)n(C)c1C,1
[10*]N1C(=O)NC(C)(C)C1=O,1
[16*]c1ccc(C)cc1Cl,1
[15*]C1(O)C(C)CC2C3CCC4=CC(=O)C=CC4(C)C3(F)C(O)CC21C,1
[3*]OP(=O)([O-])[O-],1
[14*]c1nn[nH]n1,1
[9*]n1ncnn1,1
[8*]C(C)C(C)C(=O)[O-],1
[8*]CC(C)CC,1
[3*]OS(=O)(=O)c1ccc(C)c([N+](=O)[O-])c1,1
[16*]c1ccccc1C=O,1
[12*]S(=O)(=O)c1ccc(F)cc1F,1
[5*]N1CCC2OCCCC2C1,1
[4*]CC(=O)CC#N,1
[8*]C(C#N)C(C)=O,1
[5*]NC(=S)C1=C([O-])CC(C)(C)CC1=NCC(C)C,1
[5*]N1CCOC(C#N)C1,1
[14*]c1ccnc2ccnn12,1
[14*]c1ccn2nccc2n1,1
[9*]n1c(C)cc2ccccc21,1
[16*]c1c(C)[nH]c2ccccc12,1
[16*]c1c[nH]c(C)cc1=O,1
[8*]CCC(N)=O,1
[16*]c1ccc(Cl)cc1C=O,1
[16*]c1cc([N+](=O)[O-])cc2c1OCOC2,1
[15*]C1(C)CCCC1,1
[16*]c1cnsc1,1
[14*]c1ccns1,1
[14*]c1ccsn1,1
[5*]N1CCC(C)CC1C,1
[13*]C1COCCN1,1
[14*]c1cc2ccccc2n1C,1
[16*]c1cc(C=NN=C2NC(=O)CS2)ccc1O,1
[13*]C1SC(=NN=Cc2ccc(O)cc2)NC1=O,1
[5*][NH+]1CCC2(CC1)OCC(C)O2,1
[1*]C(=O)C1=C(C)C(=O)OC12CCCCC2,1
[15*]C1C2CC3CC(C2)CC1C3,1
[8*]C(C)CC(C)C,1
[14*]c1[nH]nc2c1CCC2,1
[9*]n1cc2c(n1)CCC2,1
[14*]c1n[n-]c(S(C)=O)n1,1
[8*]CS(=O)c1ncn[n-]1,1
[15*]C1(C)CC(=O)NC1=O,1
[16*]c1coc2c(C)c(C)ccc12,1
[14*]c1ncccc1Cl,1
[14*]c1n[nH]c(N=C([O-])C2COc3ccccc3C2)n1,1
[5*]N1CCC2(CC1)CNC(=O)c1cc(C)ccc1O2,1
[13*]C1SC(=O)N(C)C1=O,1
[16*]c1c(C)cnc2ccccc12,1
[14*]c1nc2ccccc2cc1C,1
[15*]C1C2CCOC2C12CCCC2,1
[15*]C1CC(=O)NC(=O)C1,1
[15*]C1CCC(=O)NC1=O,1
[8*]CCC(C)C=O,1
[16*]c1ccc(Br)c(F)c1,1
[9*]n1ncc2c(C)c3c(c(N)c2c1=O)C(=O)c1ccccc1C3=O,1
[12*]S(=O)(=O)c1ccc(C#N)cc1,1
[9*]n1nc(C)c2c(C)[nH]nc2c1=O,1
[9*]n1nc2c(=O)[nH]nc(C)c2c1C,1
[7*]=Cc1ccccc1[N+](=O)[O-],1
[4*]C(C)CS(=O)(=O)CC,1
[13*]C1(C)Sc2ccccc2N(C)C1=O,1
[5*]NC1CC2(CCC2)Oc2ccccc21,1
[5*]NC(=[NH+]C)N1CCCCC1,1
[15*]C1CCN(C(N)=[NH+]C)CC1,1
[8*]C(C)Cl,1
[14*]c1cc(Cl)cn1C,1
[4*]C1CCOCC1,1
[16*]c1ccc(S(C)(=O)=O)cc1N,1
[1*]C(=O)C(C)([NH3+])CC,1
[4*]CCCS(C)(=O)=O,1
[16*]c1cc(C)nc2nc(=S)[nH]c([O-])c12,1
[9*]n1c([O-])c2ccc(C)nc2nc1=S,1
[9*]n1cnc(C)c1C,1
[4*]CCC[NH3+],1
[16*]c1cc(C)cc(F)c1,1
[4*]CC(C)S(C)=O,1
[5*]NC1CCCn2c(C)nnc21,1
[10*]N1C(=O)C2C3C=C(C)C(C3)C2C1=O,1
[16*]c1c(N)[nH]c2nc3ccccc3nc12,1
[9*]n1c(N)cc2nc3ccccc3nc21,1
[13*]C1C=c2ccccc2=[NH+]1,1
[16*]c1ccc(C2=NCC(=O)O2)cc1,1
[16*]c1cccc(C2=NCC(=O)O2)c1,1
[7*]=C1N=C(c2ccccc2)OC1=O,1
[7*]=Cc1ccc(C)s1,1
[1*]C(=O)C1=C(C)NC2=NC(=O)NC(=O)C2C1,1
[15*]C1C(C=O)=C(C)NC2=NC(=O)NC(=O)C21,1
[5*]N1CCOc2ccc(F)cc21,1
[9*]n1cc(C)cnc1=O,1
[16*]c1ccc([N+](=O)[O-])c(N)c1,1
[14*]c1ncn(C)n1,1
[14*]c1c(C)nc2c(C)cccn12,1
[4*]C(C=O)C(C)(C)C,1
[14*]c1n[nH]cc1[O-],1
[9*]n1cc([O-])cn1,1
[16*]c1cnc2c(c1)CCC2,1
[14*]c1ccc2c(n1)CCC2,1
[4*]CC(O)CO,1
[12*]S(=O)(=O)c1ccc(C)c([N+](=O)[O-])c1,1
[1*]C(=O)CC(C)C(C)C,1
[13*]C1CN2CCCCC2CO1,1
[9*]n1nc(C)c2nc(N)[nH]c21,1
[9*]n1c(N)nc2c(C)n[nH]c21,1
[15*]C1CCC(C)CC1C,1
[3*]ONC(C)=O,1
[7*]=CC(=O)NO,1
[7*]=Cc1ccc(Cl)cc1,1
[16*]c1cc(C)ccc1Cl,1
[1*]C(=O)NNc1cccc(F)c1F,1
[14*]c1nn2cnnc2s1,1
[9*]n1cc(C)c(=O)[nH]c1=O,1
[16*]c1ccc2ncsc2c1,1
[4*]C(C)(CC)CC,1
[16*]c1cnn(C)c1N,1
[5*][NH+]1CCc2nncn2CC1,1
[14*]c1nnc2n1CC[NH2+]CC2,1
[16*]c1c(F)ccc(F)c1F,1
[14*]c1nc2c(C)cccn2c1Br,1
[10*]N1C(=O)CCNC1=O,1
[13*]C1CC(=O)NC(=O)N1,1
[16*]c1cnc2[nH]nc(C)c2c1,1
[5*]N1CCNC(C)C1,1
[5*]N1CCNCC1C,1
[14*]c1ncc(C#N)c2c1COC(C)(C)C2,1
[14*]c1ncc2c(c1C#N)CC(C)(C)OC2,1
[16*]c1ccc2c(c1)P(=S)(N(CC)CC)C(N(C)C)=N2,1
[16*]c1cc(C)nc2c1c(=O)n(C)c(=O)n2C,1
[16*]c1ccc2nc(C)c(C)nc2c1,1
[14*]c1ncc(C)cn1,1
[14*]c1ncncc1C,1
[16*]c1cccc(F)c1F,1
[16*]c1cccc(N=NN(C)C)c1,1
[4*]CCS(=O)c1ccccc1F,1
[4*]CCS(=O)(=O)c1ccc(Cl)cc1,1
[8*]C(C)S(=O)(=O)c1ccc(Cl)cc1,1
[14*]c1ccc(C#N)c(C)n1,1
[7*]=Cc1ncccc1C#N,1
[16*]c1ccc(C(N)=S)cc1,1
[12*]S(=O)(=O)c1cccc(C)c1,1
[16*]c1c(C)cccc1[SH](=O)=O,1
[15*]C1([NH3+])CCc2ccccc2C1,1
[8*]CC1CSc2ccccc21,1
[8*]CCCBr,1
[8*]C(C)CBr,1
[14*]c1cccc(Br)n1,1
[14*]c1ocnc1S(=O)(=O)c1ccc2c(c1)OCCO2,1
[14*]c1nc(S(=O)(=O)c2ccc3c(c2)OCCO3)co1,1
[12*]S(=O)(=O)c1ccc(Cl)nc1,1
[5*]N(C)C1=NS(=O)(=O)c2ccccc21,1
[4*]C(C)(C)CC(C)(C)C,1
[14*]c1nccc2ccccc12,1
[1*]C(=O)C(C)(N)C(F)(F)F,1
[1*]C(=O)C1=C(C)NC(=O)CC1,1
[15*]C1CC(=O)NC(C)=C1C=O,1
[8*]C(C)C(C)C,1
[9*]n1cnc2cc(Br)cnc21,1
[14*]c1nc2cc(Br)cnc2[nH]1,1
[16*]c1ccc(C)cc1N=C1NC(=O)CS1,1
[10*]N1C(=O)CSC1=Nc1cccc(C)c1,1
[5*]N1CC(C)SC(C)C1,1
[14*]c1n[nH]c(=O)c2noc(C)c12,1
[9*]n1ncc2c(C)onc2c1=O,1
[8*]C[NH2+]C,1
[16*]c1ccc(C)nc1C,1
[1*]C(=O)CC1NCCc2ccccc21,1
[5*]N1CCc2ccccc2C1CC=O,1
[14*]c1ccc([SH](=O)=O)s1,1
[8*]CC([NH3+])C(=O)[O-],1
[14*]c1cc(=O)n(C)c(=O)n1C,1
[4*]CC(O)C(C)CC,1
[13*]C1CCCCCN1,1
[16*]c1cc(Br)c2c(c1)C(c1cccc(C)c1)C[NH+](C)CC2,1
[16*]c1ccc2c(c1Br)CC[NH+](C)CC2c1cccc(C)c1,1
[5*]N1CCNC(=O)C1,1
[10*]N1CCNCC1=O,1
[1*]C(=O)CC(O)C(C)C,1
[10*]N1C(=O)C2NN=C(C(C)=O)C2C1=O,1
[5*]N1CCSCC1,1
[13*]C1CNCCS1,1
[4*]CCS(C)(=O)=O,1
[8*]CCS(C)(=O)=O,1
[16*]c1c(F)cccc1F,1
[5*][NH2+]C1CCCc2[nH]ncc21,1
[9*]n1ncc2c1CCCC2[NH3+],1
[9*]n1c(N)nc2ccc(C)cc21,1
[14*]c1sc2nc[nH]c(=O)c2c1C,1
[14*]c1nc2scc(C)c2c(=O)[nH]1,1
[1*]C(=O)C(C#N)=NNc1ccccc1,1
[14*]c1noc2ccccc12,1
[16*]c1ccc2c(c1)oc(=O)n2C,1
[6*]C(=O)CC#N,1
[8*]C(C#N)C=O,1
[14*]c1ncnc2nc(N)ccc12,1
[15*]C1CCC(C)C1C,1
[4*]CC(=O)NN1C(=O)NC(C)C1=O,1
[13*]C1(C)NC(=O)N(NC(C)=O)C1=O,1
[16*]c1cccc2c1C(=O)c1ccccc1C2=O,1
[14*]c1cc2ccccc2c(=O)[nH]1,1
[15*]C1(O)CSC(C)C1,1
[15*]C1CCC(C)(C)C1[NH3+],1
[14*]c1noc(C)n1,1
[12*]S(=O)(=O)c1ccc2[nH]c(=O)oc2c1,1
[9*]n1c(=O)oc2cc([SH](=O)=O)ccc21,1
[14*]c1cccc(N)n1,1
[16*]c1cc(F)c([N+](=O)[O-])cc1F,1
[5*][NH+]1CCCC2CCCCC21,1
[4*]C(C)C(F)(F)F,1
[8*]CCC(F)(F)F,1
[4*]CCS(=O)(=O)C(C)(C)C,1
[12*]S(=O)(=O)c1cccc(C)c1C#N,1
[9*]n1ncoc1=O,1
[14*]c1n[nH]c(=O)o1,1
[16*]c1ccc2c(c1)CC(C)N2,1
[16*]c1cc([SH](=O)=O)ccc1F,1
[15*]C1([NH3+])CCCC1,1
[15*]C1CCCC1[NH3+],1
[5*][NH+]1CCc2cncnc2C1,1
[4*]CC(=O)NN=CCC,1
[7*]=C(C)C=NNC(C)=O,1
[14*]c1sc2nc(C)nn2c1[O-],1
[16*]c1ccc([N+](=O)[O-])c(C)c1,1
[16*]c1cc(C)cc(Cl)c1O,1
[7*]=C1C(=O)NC(=O)NC1=O,1
[10*]N1C(=O)CC(=O)NC1=O,1
[16*]c1cc(C)cc(C)c1O,1
[5*]N1CCSC(C)(C)C1,1
[16*]c1ccc2c(c1)CC(=O)N2,1
[16*]c1ccsc1S(N)(=O)=O,1
[14*]c1ccc(S(N)(=O)=O)s1,1
[13*]C1CCC[NH+]1C,1
[14*]c1nc2c(C)cccc2[nH]1,1
[16*]c1c[nH]c(=O)[nH]c1=O,1
[14*]c1cccc(C)[nH+]1,1
[16*]c1ccc(O)c(Cl)c1,1
[16*]c1ccc(S(C)(=O)=O)c(F)c1,1
[8*]CS(=O)(=O)c1ccccc1F,1
[16*]c1c(N)cc(Cl)cc1Br,1
[14*]c1nc(C)c(C)o1,1
[13*]C1C[NH2+]CCO1,1
[8*]C(O)CBr,1
[16*]c1cccc2ncsc12,1
[1*]C(=O)C1=COCCO1,1
[14*]c1nc2c3c(ncn2n1)OC(C)=C(C(C)=O)C3c1ccco1,1
[15*]C1CCCC(C2([NH3+])CC2C)C1,1
[16*]c1cnn(C)c1C,1
[14*]c1nc2ccccc2n2c(=O)[nH]nc12,1
[9*]n1nc2cnc3ccccc3n2c1=O,1
[16*]c1ccc2c(c1)NC(=O)CO2,1
[16*]c1ccc2[nH]nnc2c1,1
[9*]n1nnc2ccccc21,1
[8*]C(C#N)C(=O)CC,1
[8*]CCC(=O)CC#N,1
[10*]N1C(=O)c2oc3ccccc3c(=O)c2C1c1ccccc1,1
[16*]c1ccc(C2NC(=O)c3oc4ccccc4c(=O)c32)cc1,1
[16*]c1cnoc1,1
[13*]C1CC(c2ccc(F)cc2)=NO1,1
[13*]C1Cc2cccc(Cl)c2O1,1
[16*]c1cc(Cl)c2c(c1)CCO2,1
[4*]CCC[SH](=O)=O,1
[14*]c1nc2cc(C)ccc2o1,1
[16*]c1ccnc2cccnc12,1
[5*]NC1CCCc2occc21,1
[16*]c1c(C)n(C)c2ccccc12,1
[6*]C(=O)C=O,1
[14*]c1cc(N)n[nH]1,1
[16*]c1c(Cl)cccc1Cl,1
[14*]c1nc2c([nH]1)c(=O)[nH]c(=O)n2C,1
[9*]n1cnc2c1c(=O)[nH]c(=O)n2C,1
[14*]c1c2c(=O)n(C)c(=O)n(C)c2cn1N1CCOCC1,1
[16*]c1ccc([N+](=O)[O-])c2nonc12,1
[16*]c1ccc2nonc2c1[N+](=O)[O-],1
[9*]n1c(=S)[nH]c2sc3c(c2c1=O)CCCC3,1
[16*]c1ccccc1C=Nn1cnc2ccccc2c1=O,1
[14*]c1nc2ccccc2c(=O)n1N=Cc1ccccc1,1
[6*]C(=O)NN1C(=O)CSC1=S,1
[7*]=C1SC(=S)N(NC=O)C1=O,1
[4*]C(C)(C)CC,1
[7*]=Cc1c(Cl)cccc1Cl,1
[1*]C(=O)NNC(C)=O,1
[5*]NC1CCc2cc(Cl)ccc21,1
[5*][NH+]1C(C)CCC1C,1
[10*]N1C(=O)C2C[NH+]3CCCC3C2C1=O,1
[13*]C1C2C(=O)NC(=O)C2C2CCC[NH+]12,1
[13*]C1[NH+]=c2ccccc2=C1CC,1
[14*]c1nc2c(s1)CCCCCC2,1
[15*]C1C(O)CC2OCC1O2,1
[15*]C1C(O)CC2COC1O2,1
[14*]c1ccc(C=NN2C(=O)C3C4C=CC(CC4)C3C2=O)o1,1
[1*]C(=O)C1=NN=C(c2ccc(C)cc2)C1,1
[16*]c1ccc2nncn2c1,1
[9*]n1cnccc1=O,1
[4*]C(CC)CC,1
[12*]S(=O)(=O)c1ccc2[nH]c(=O)c(=O)[nH]c2c1,1
[16*]c1ccc(N)c([N+](=O)[O-])c1,1
[14*]c1cc2occc2[nH]1,1
[9*]n1ccc2occc21,1
[4*]C(C)C(=O)NNC(C)=O,1
[1*]C(=O)NNC=O,1
[14*]c1ncc[nH]1,1
[16*]c1cc2c(cc1F)c(=O)c(S(=O)(=O)c1cccc(C)c1)cn2C,1
[5*][NH+]1CCc2ccccc2C1,1
[16*]c1cccc2c1CC[NH2+]C2,1
[16*]c1cnn2c1NCCC2,1
[5*][NH+]1CCSC2CCCCC21,1
[1*]C(=O)CC1C([O-])=Nc2ncnn21,1
[14*]c1nc2n(n1)C(CC=O)C([O-])=N2,1
[16*]c1cc(S(C)(=O)=O)ccc1F,1
[16*]c1cc(Br)ccc1F,1
[8*]C(CC)CC,1
[14*]c1cnc(C)cn1,1
[16*]c1cnc(N(C)NC2OC(=O)c3ccccc32)c(Cl)c1,1
[16*]c1c2c(nc3ccccc13)CCC2,1
[7*]=C1CCc2cc3ccccc3nc21,1
[16*]c1ccc2[nH]c(=O)[nH]c2c1,1
[13*]C1Sc2nncc(=O)n2N=C1C,1
[14*]c1nnc2n(c1=O)N=C(C)CS2,1
[8*]CCC(=O)[O-],1
[5*]N1CC[NH+]2CCCCC2C1,1
[16*]c1ccc2c(c1)C(N)CC2,1
[15*]C1Cc2ccccc2C1N,1
[16*]c1csc(C#CCCO)c1,1
[15*]C1C=CC([NH3+])C1,1
[16*]c1cc(NN=C2C(=[NH2+])N(C)N=C2[NH-])ccc1Cl,1
[16*]c1ccc(F)cc1C#N,1
[16*]c1c(C)cccc1Cl,1
[13*]C1CC(c2c(F)cccc2F)=NO1,1
[14*]c1ccc(C)s1,1
[7*]=C1N=C(C)OC1=O,1
[7*]=CC1=NCC(=O)O1,1
[1*]C(=O)C(C)CCC,1
[13*]C1Cc2ccc(C)cc2S1,1
[8*]CCCCC,1
[15*]C1CCCCNC1,1
[4*]C1(C(N)=NO)CCCC1,1
[13*]C1Nc2ccccc2S(=O)(=O)N1,1
[14*]c1occc1C,1
[15*]C1CCCC(C)C1C,1
[10*]N1CCNC1=O,1
[5*]N1CCC(C)(C)C1,1
[14*]c1csc(=O)[nH]1,1
[15*]C1CCc2ccccc2C1,1
[16*]c1ccc(C=NNC(=O)CC#N)cc1Br,1
[5*]NC(=[NH+]CC)N1CCC([N+]2=CCCC2)C1,1
[4*]CCCCO,1
[8*]CCCCO,1
[10*]N1CCSC1=O,1
[14*]c1cc2ccncc2cn1,1
[5*]N1C=Cc2ccccc2C1CC=O,1
[1*]C(=O)CC1NC=Cc2ccccc21,1
[16*]c1cc(C)c(C)cc1C,1
[5*]N1CCC(C)c2ccccc21,1
[16*]c1cccc(F)c1C#N,1
[14*]c1ncccc1C,1
[4*]CC(CC(C)C)C(=O)[O-],1
[5*]N(C)S(=O)(=O)N1CC(C)OC(C)C1,1
[14*]c1nc(C)cc(C)c1C#N,1
[4*]CCC#N,1
[16*]c1ccccc1S(C)=O,1
[8*]CS(=O)c1ccccc1,1
[16*]c1ccc(Br)c([N+](=O)[O-])c1,1
[10*]N1C(=O)C2C3c4ccccc4C(c4ccccc43)C2C1=O,1
[4*]CC(C)CC(C)O,1
[16*]c1ccc2c(c1)CCC2,1
[8*]CC(C)[NH3+],1
[16*]c1ccccc1S(=O)c1ccccc1,1
[16*]c1ccc(C#N)cc1F,1
[13*]C1(C)CNCCO1,1
[16*]c1cnc(C)nc1,1
[16*]c1cnn(C)c(=O)c1Cl,1
[5*]N1CCC(O)CC1,1
[16*]c1ccnc2onc(C)c12,1
[14*]c1ccc2c(C)noc2n1,1
[14*]c1cnc[nH]1,1
[5*]N1C(C)COCC1C,1
[16*]c1cc(C)cc(Br)c1O,1
[4*]C(CC)CC[NH3+],1
[16*]c1ccc(O)c(C=O)c1,1
[5*]N(C)C1CCCc2nc(C)sc21,1
[16*]c1ccc(F)c(C)c1,1
[16*]c1ccc(C)c(F)c1,1
[7*]=Cc1c(C)nn(C)c1Cl,1
[12*]S(=O)(=O)CCCF,1
[9*]n1[nH]c(=O)c2c1N=C(O)CC2c1cccnc1,1
[5*]NCC=O,1
[1*]C(=O)CN,1
[7*]=C(N)C=O,1
[12*]S(=O)(=O)c1c(F)cccc1F,1
[14*]c1ncccc1C#N,1
[16*]c1ccc2c(C)cc(=O)oc2c1,1
[16*]c1ccc2oc(=O)cc(C)c2c1,1
[8*]CC(=O)NN=C(C)c1ccc(F)cc1,1
[15*]C1(C)CCCCC1,1
[5*]N1CCc2c(nc[nH]c2=O)C1,1
[14*]c1nc2c(c(=O)[nH]1)CCNC2,1
[10*]N1C(=O)NC2(CCCc3ccccc32)C1=O,1
[12*]S(=O)(=O)c1ncn(C)c1Cl,1
[5*]N1CCCC2CCCCC21,1
[13*]C1CCC2CCCCC2N1,1
[9*]n1ncn(C)c1=O,1
[16*]c1ccc2c(c1)NC(=O)CN2,1
[15*]C1C(C#N)=C(N)OC2=c3ccccc3=[NH+]C(=O)C21,1
[4*]CCS(=O)C(C)(C)C,1
[4*]C(C)C(C)(C)C,1
[14*]c1ncccc1N,1
[16*]c1c(O)ccc2ccccc12,1
[5*]N1CCc2c(sc3[nH]c(=O)[nH]c(=O)c23)C1,1
[9*]n1c(=O)[nH]c2sc3c(c2c1=O)CCNC3,1
[9*]n1c(=O)[nH]c(=O)c2c3c(sc21)CNCC3,1
[1*]C(=O)C1=C(N)OC(C)=C(C(N)=O)C1,1
[15*]C1C(C=O)=C(N)OC(C)=C1C(N)=O,1
[5*][NH+]1COc2ccc3c(C)cc(=O)oc3c2C1,1
[16*]c1c(C)c2ccc3c(c2oc1=O)C[NH2+]CO3,1
[9*]n1ccc2c(c(C)nc3nc(C)nn32)c1=O,1
[5*]N1CCN(C2=[NH+]CC(C)(C)S2)CC1,1
[16*]c1cccc(Br)c1C,1
[10*]N1CCCC(O)C1=O,1
[15*]C1(O)CCCNC1=O,1
[16*]c1c[nH]c2ccc(F)cc12,1
[4*]CC1CC(=O)Nc2ccccc21,1
[1*]C(=O)CCl,1
[8*]C(Cl)C=O,1
[16*]c1c(F)cc2c(c1F)CCCO2,1
[16*]c1cc[nH]c1,1
[16*]c1cccc2c1NCC1CC=CC21,1
[14*]c1nc2ccccc2n(C)c1=O,1
[4*]C1CC1,1
[5*]N1CCOCC12CCC2,1
[3*]ONC(=O)C(C)CC,1
[8*]CC(CC)C(=O)NO,1
[14*]c1nnc2n1CCCC2,1
[16*]c1cc2c(cc1O)OCO2,1
[16*]c1coccc1=O,1
[14*]c1cc(=O)cco1,1
[16*]c1cc(F)ccc1[N+](=O)[O-],1
[14*]c1nc2nccc(C)n2n1,1
[5*][NH+]1CCCCCC1,1
[16*]c1ccc(C(C)=NNC(N)=S)cc1,1
[16*]c1cccc(C(C)=NNC(N)=S)c1,1
[5*]NC(=S)NN=C(C)c1ccccc1,1
[16*]c1ccc2ccc(=O)oc2c1,1
[16*]c1cc(=O)oc2ccccc12,1
[16*]c1ccc(N=Cc2ccc3c(c2)OCO3)cc1,1
[1*]C(=O)C1=C(C)C(=O)OC12CCCCCC2,1
[16*]c1c(F)c(F)c(F)c(F)c1F,1
[4*]CCCC(C)O,1
[8*]C(C)CC(C)O,1
[15*]C1(O)C[NH2+]CCOC1,1
[16*]c1c[nH]c(C)c1,1
[14*]c1ccc(C)[nH]1,1
[16*]c1cc(O)c2c(c1)OC(C)(C)CC2=O,1
[13*]C1NC(=O)NC1=O,1
[10*]N1C(=O)CNC1=O,1
[16*]c1cn(C)nc1C,1
[14*]c1nc(C)cc(C)n1,1
[14*]c1ncnc2c1oc1ccc(Br)cc12,1
[4*]C1CCOC(C)C1,1
[13*]C1(C)CCCCO1,1
[15*]C1CCOC(C)C1,1
[1*]C(=O)C1=Cc2ccccc2OC1,1
[16*]c1ccc2c(c1)C=C(C=O)CO2,1
[1*]C(=O)C=C1NC(=O)CS1,1
[13*]C1SC(=CC=O)NC1=O,1
[4*]CC1=NC(=O)C2SC=CC2=N1,1
[1*]C(=O)C1CN(C)C(=O)c2ccccc21,1
[13*]C1C(C=O)c2ccccc2C(=O)N1C,1
[16*]c1cc([N+](=O)[O-])ccc1C,1
[5*][NH+]1CCC(O)CC1,1
[15*]C1(O)CC[NH2+]CC1,1
[16*]c1cccc2c1=C1N=C[NH+]=C(N3CC4(C)CC3CC(C)(C)C4)C1[NH+]=2,1
[14*]c1nc(C)cc(O)n1,1
[9*]n1[nH]c(=O)c2nccnc2c1=O,1
[13*]C1C[NH2+]CCN1,1
[4*]C(C)CCCC,1
[9*]n1cncn1,1
[16*]c1ccc2c(c1)CCC(=O)N2C,1
[4*]CCCCl,1
[1*]C(=O)C([NH3+])(CC)CC,1
[14*]c1sc(C)nc1C,1
[5*]N1CCC(C)CC1,1
[4*]C(C)C(=O)NN=Cc1ccccc1O,1
[6*]C(=O)N=c1[nH]ccn1C,1
[14*]c1c[nH]c(=NC=O)n1C,1
[13*]C1(C)CC(c2ccccc2Cl)=NO1,1
[10*]N1C(=O)CC(C)CC1=O,1
[14*]c1cn[nH]n1,1
[9*]n1nccn1,1
[14*]c1csc(C)n1,1
[12*]S(=O)(=O)c1ccc(N=Cc2ccccc2)cc1,1
[5*]N1CCN(C2=NC(C)C(=O)N2)CC1,1
[10*]N1C(=O)C(C)N=C1N1CCNCC1,1
[15*]C1CCOC2(CCOC2)C1,1
[16*]c1ccncc1Cl,1
[16*]c1cncc(F)c1,1
[16*]c1ccc2c(c1)C(=O)NC2=O,1
[12*]S(=O)(=O)c1cccc(N)c1,1
[16*]c1ccc(N)cc1[SH](=O)=O,1
[14*]c1nc2c(s1)CC(C)CC2,1
[10*]N1CCCNC1=O,1
[16*]c1ccc2nc(Cl)sc2c1,1
[16*]c1ccc2nc(N=Cc3ccc([N+](=O)[O-])cc3)sc2c1,1
[16*]c1cc(Cl)ccc1[N+](=O)[O-],1
[4*]C1[N-]C(c2ccccc2)=NC1=O,1
[13*]C1[N-]C(c2ccccc2)=NC1=O,1
[13*]C1CSCCS1,1
[6*]C(=O)Nn1cnc2[nH]ncc2c1=O,1
[9*]n1ncc2c(=O)n(NC=O)cnc21,1
[8*]CCCl,1
