train,1154
train,2818
train,409
train,1116
train,1872
train,4822
train,2572
train,1287
train,4952
train,1439
train,3730
train,984
train,1256
train,735
train,1944
train,4792
train,2512
train,4947
train,2867
train,4646
train,2498
train,4919
train,3963
train,3300
train,138
train,2149
train,25
train,2160
train,1532
train,634
train,3383
train,369
train,1752
train,1361
train,147
train,3489
train,1217
train,4081
train,999
train,1525
train,559
train,3084
train,135
train,4568
train,3104
train,1003
train,4824
train,2690
train,3010
train,4017
train,4864
train,4510
train,4075
train,2954
train,4196
train,2419
train,3006
train,3613
train,3470
train,2157
train,4829
train,1438
train,1620
train,2900
train,2644
train,1588
train,3612
train,2364
train,428
train,3064
train,4292
train,4692
train,1834
train,1288
train,3764
train,1168
train,2885
train,492
train,1122
train,3782
train,2581
train,3081
train,3970
train,4634
train,417
train,3597
train,1618
train,4807
train,3200
train,957
train,1105
train,2154
train,4914
train,3493
train,2976
train,1426
train,131
train,4688
train,2728
train,4254
train,1514
train,4639
train,1051
train,788
train,11
train,3335
train,2694
train,278
train,3281
train,4314
train,1839
train,4640
train,3638
train,3405
train,2647
train,3702
train,3971
train,4282
train,4246
train,2878
train,2343
train,4427
train,2887
train,1764
train,4204
train,1267
train,4560
train,3312
train,3779
train,3430
train,993
train,2435
train,996
train,1008
train,3279
train,2388
train,3596
train,522
train,3001
train,567
train,372
train,4261
train,1497
train,4086
train,4250
train,1798
train,583
train,1505
train,489
train,1201
train,206
train,662
train,430
train,3048
train,2749
train,3231
train,1126
train,2743
train,2558
train,435
train,2053
train,1363
train,167
train,2050
train,2084
train,3856
train,3975
train,1467
train,1979
train,774
train,4169
train,473
train,2051
train,4751
train,189
train,940
train,1873
train,4398
train,4369
train,319
train,4679
train,2011
train,291
train,4386
train,2736
train,2995
train,276
train,3125
train,3534
train,236
train,4789
train,3449
train,4987
train,4397
train,1319
train,2415
train,2313
train,207
train,895
train,3009
train,1785
train,1968
train,1760
train,4232
train,3089
train,4079
train,4084
train,2833
train,134
train,4735
train,2217
train,500
train,2590
train,3011
train,4793
train,254
train,1887
train,3821
train,1594
train,3053
train,2993
train,3131
train,1549
train,1028
train,4690
train,2058
train,1332
train,4587
train,3632
train,1950
train,1912
train,1765
train,1266
train,103
train,3013
train,1040
train,2174
train,1054
train,3451
train,653
train,4150
train,1884
train,95
train,1688
train,1755
train,3832
train,1696
train,4283
train,2648
train,2362
train,1155
train,4072
train,1936
train,4691
train,1194
train,1012
train,3629
train,2959
train,1895
train,4635
train,295
train,2669
train,1070
train,4785
train,1829
train,3270
train,1787
train,866
train,1835
train,402
train,3828
train,1425
train,2240
train,889
train,3429
train,4041
train,3427
train,737
train,3772
train,4798
train,4908
train,4574
train,2901
train,4506
train,1099
train,1081
train,209
train,4277
train,4802
train,3212
train,4482
train,3705
train,4834
train,2677
train,63
train,1858
train,47
train,911
train,2965
train,4335
train,4038
train,3938
train,4315
train,4226
train,568
train,786
train,4451
train,1423
train,4946
train,4860
train,603
train,4737
train,4278
train,1504
train,4298
train,575
train,1223
train,3128
train,1045
train,1883
train,380
train,2660
train,746
train,565
train,8
train,1079
train,2824
train,2703
train,3362
train,3360
train,3992
train,3905
train,3942
train,4348
train,766
train,4554
train,1960
train,4200
train,4786
train,4602
train,478
train,158
train,1757
train,325
train,2272
train,2946
train,1369
train,4783
train,3487
train,3438
train,1493
train,3950
train,694
train,2707
train,335
train,45
train,1074
train,4660
train,4172
train,499
train,2057
train,4262
train,106
train,3309
train,4214
train,274
train,4978
train,4583
train,2318
train,2369
train,1568
train,3055
train,2539
train,3955
train,4840
train,2399
train,339
train,679
train,3381
train,3870
train,729
train,4481
train,4849
train,3022
train,3251
train,4544
train,4029
train,1871
train,4513
train,897
train,2639
train,3860
train,2038
train,2753
train,838
train,3683
train,2815
train,2797
train,1673
train,64
train,4536
train,1953
train,363
train,2199
train,1550
train,1547
train,874
train,1844
train,4238
train,2248
train,1684
train,4356
train,2980
train,4975
train,1188
train,971
train,2460
train,2570
train,2145
train,560
train,1013
train,4724
train,3446
train,4685
train,3974
train,643
train,951
train,125
train,2986
train,1316
train,2245
train,2678
train,1358
train,1383
train,3498
train,4064
train,3561
train,502
train,4325
train,434
train,4048
train,1726
train,992
train,110
train,538
train,3540
train,3914
train,3331
train,1756
train,2543
train,66
train,4009
train,4603
train,1165
train,1185
train,2872
train,80
train,2977
train,2926
train,2653
train,1408
train,830
train,4712
train,947
train,2511
train,3500
train,2534
train,1733
train,4821
train,4808
train,1597
train,4425
train,1127
train,1552
train,3737
train,67
train,625
train,3208
train,3165
train,4906
train,2193
train,701
train,1609
train,1184
train,2208
train,3524
train,322
train,1406
train,4056
train,443
train,4526
train,1323
train,3030
train,2550
train,4228
train,177
train,4010
train,3107
train,2849
train,1128
train,4863
train,3000
train,4394
train,3923
train,2817
train,712
train,2575
train,3603
train,4454
train,642
train,4605
train,821
train,53
train,1957
train,1640
train,391
train,3392
train,870
train,3989
train,4016
train,3676
train,98
train,691
train,3715
train,4258
train,2162
train,4443
train,2740
train,3593
train,3160
train,2809
train,3829
train,1648
train,345
train,2904
train,868
train,314
train,4343
train,3756
train,1392
train,1903
train,3333
train,1778
train,62
train,4645
train,2479
train,2798
train,2943
train,929
train,3729
train,286
train,4241
train,2808
train,1720
train,3170
train,3621
train,3189
train,2505
train,2975
train,3151
train,4187
train,4259
train,1851
train,4530
train,2630
train,2659
train,3718
train,3341
train,4453
train,1164
train,1229
train,1865
train,329
train,2921
train,2478
train,1273
train,3168
train,4005
train,1022
train,1664
train,3399
train,3374
train,1175
train,1320
train,2559
train,150
train,1565
train,4227
train,3396
train,4395
train,4607
train,2571
train,2002
train,917
train,2557
train,557
train,552
train,1784
train,93
train,2366
train,162
train,1695
train,3568
train,2223
train,3951
train,617
train,2331
train,915
train,1470
train,1432
train,415
train,4354
train,1842
train,850
train,1069
train,3977
train,3425
train,920
train,4788
train,4682
train,2269
train,3711
train,4981
train,99
train,3917
train,4890
train,3483
train,716
train,4309
train,3202
train,1466
train,4550
train,3437
train,43
train,2681
train,909
train,1655
train,2832
train,1992
train,2765
train,3630
train,4484
train,4938
train,3732
train,2727
train,3617
train,1117
train,1914
train,2353
train,2370
train,1652
train,1998
train,3410
train,2618
train,261
train,4665
train,3628
train,4518
train,4059
train,2459
train,1724
train,4910
train,241
train,1831
train,1980
train,1740
train,344
train,91
train,1520
train,1558
train,3864
train,2393
train,3719
train,4566
train,1820
train,3797
train,4621
train,2283
train,3482
train,2917
train,2698
train,389
train,918
train,4487
train,2508
train,1560
train,744
train,3512
train,2628
train,1257
train,2381
train,4181
train,1911
train,3736
train,4146
train,4782
train,4110
train,3898
train,3598
train,2315
train,668
train,3943
train,3728
train,3937
train,1823
train,2320
train,4224
train,444
train,1354
train,1163
train,4939
train,905
train,2573
train,10
train,3146
train,4085
train,641
train,632
train,2243
train,3542
train,1690
train,2391
train,4742
train,4677
train,4108
train,3435
train,3097
train,2858
train,2820
train,970
train,4869
train,506
train,4212
train,452
train,3508
train,396
train,2437
train,861
train,1994
train,4959
train,1449
train,4958
train,270
train,3384
train,3811
train,301
train,1524
train,514
train,2262
train,40
train,1662
train,3171
train,2492
train,3242
train,2957
train,4074
train,4858
train,2309
train,4729
train,1848
train,4932
train,4303
train,4686
train,2150
train,2288
train,3677
train,2277
train,2553
train,4488
train,2928
train,504
train,4571
train,4766
train,3646
train,1595
train,4222
train,2046
train,2853
train,403
train,3679
train,3847
train,3062
train,2761
train,3817
train,156
train,3933
train,1900
train,4068
train,3639
train,3400
train,2105
train,3601
train,1855
train,2151
train,3389
train,1564
train,2785
train,4476
train,1211
train,3234
train,3863
train,608
train,833
train,4803
train,1939
train,1704
train,3287
train,2964
train,483
train,3039
train,1231
train,447
train,4479
train,2395
train,1297
train,2267
train,3317
train,4199
train,2950
train,4308
train,2854
train,707
train,3332
train,3566
train,4433
train,420
train,4192
train,3572
train,4207
train,1227
train,1850
train,2423
train,4
train,3082
train,4819
train,784
train,3216
train,3890
train,3946
train,2271
train,377
train,3691
train,3506
train,2726
train,1315
train,3289
train,2429
train,205
train,714
train,178
train,3176
train,3678
train,1611
train,1123
train,2140
train,4000
train,3018
train,1687
train,2032
train,2222
train,1535
train,2931
train,2996
train,3504
train,1531
train,4676
train,1178
train,3499
train,1167
train,2881
train,955
train,4801
train,1393
train,1716
train,3733
train,2613
train,4148
train,4597
train,4678
train,3752
train,3277
train,3894
train,2759
train,1579
train,436
train,2770
train,2528
train,2991
train,1578
train,2814
train,4295
train,528
train,4850
train,2020
train,3299
train,3453
train,2540
train,518
train,2491
train,503
train,1
train,1325
train,262
train,4535
train,3085
train,4358
train,4918
train,4474
train,1161
train,2003
train,2784
train,1023
train,1833
train,1249
train,3223
train,2225
train,2031
train,4768
train,114
train,1561
train,1337
train,2720
train,1708
train,1151
train,4490
train,1973
train,130
train,2560
train,1713
train,3766
train,2524
train,4416
train,4998
train,4570
train,3468
train,1310
train,1546
train,1794
train,635
train,4630
train,2282
train,2426
train,3388
train,258
train,2863
train,2531
train,281
train,159
train,2574
train,968
train,2984
train,3019
train,4714
train,1854
train,2873
train,3887
train,1881
train,763
train,2144
train,513
train,2874
train,4145
train,3577
train,4915
train,1483
train,4338
train,3442
train,2356
train,2027
train,120
train,4379
train,1179
train,2846
train,803
train,776
train,969
train,4406
train,1240
train,4567
train,4025
train,3754
train,287
train,4035
train,1248
train,678
train,4633
train,0
train,3329
train,1671
train,4948
train,4155
train,3178
train,2747
train,15
train,2456
train,1326
train,769
train,3899
train,644
train,1464
train,72
train,4703
train,3296
train,4496
train,3302
train,3809
train,4674
train,2791
train,810
train,4641
train,2314
train,4340
train,619
train,2800
train,1125
train,175
train,2280
train,4548
train,3956
train,1187
train,3664
train,1328
train,549
train,4269
train,457
train,2247
train,102
train,4767
train,2278
train,2871
train,849
train,4661
train,4288
train,233
train,2679
train,3445
train,2410
train,2890
train,3149
train,2981
train,2335
train,2530
train,4991
train,1404
train,2173
train,2092
train,2662
train,3517
train,3704
train,2523
train,2286
train,3439
train,4889
train,2671
train,595
train,68
train,1649
train,1876
train,3232
train,2463
train,4360
train,1030
train,2433
train,805
train,928
train,3757
train,663
train,299
train,4021
train,2484
train,2601
train,524
train,3618
train,960
train,340
train,4216
train,1057
train,4464
train,293
train,1343
train,2844
train,359
train,2134
train,1795
train,23
train,4725
train,3175
train,831
train,867
train,2417
train,2166
train,104
train,1976
train,1515
train,4002
train,1543
train,1450
train,899
train,2929
train,3478
train,1482
train,115
train,2107
train,2374
train,1822
train,4119
train,145
train,1584
train,2754
train,809
train,3194
train,2176
train,1214
train,4121
train,2424
train,1896
train,823
train,943
train,2120
train,3983
train,375
train,1142
train,3441
train,2469
train,186
train,3698
train,2037
train,285
train,1955
train,4306
train,2960
train,3586
train,1675
train,1761
train,4301
train,1942
train,4264
train,4775
train,437
train,318
train,3105
train,2471
train,2918
train,2723
train,2932
train,4817
train,718
train,3428
train,4694
train,4352
train,3562
train,351
train,4140
train,2266
train,2603
train,1080
train,1919
train,3525
train,2495
train,418
train,4091
train,1511
train,4606
train,3875
train,4242
train,1779
train,1366
train,4024
train,676
train,4437
train,2500
train,382
train,3402
train,892
train,883
train,4592
train,1951
train,1148
train,1519
train,1783
train,169
train,3522
train,796
train,782
train,4806
train,4457
train,1345
train,3948
train,3555
train,425
train,2605
train,1083
train,4868
train,4459
train,1987
train,51
train,2117
train,3580
train,3393
train,194
train,3140
train,353
train,1813
train,2396
train,3778
train,3327
train,449
train,3179
train,4950
train,2866
train,1485
train,4221
train,3571
train,1204
train,1527
train,4628
train,798
train,2330
train,4517
train,41
train,2655
train,461
train,3129
train,4557
train,3607
train,3851
train,4419
train,3649
train,771
train,1129
train,1940
train,3434
train,2375
train,2945
train,1589
train,2299
train,4726
train,352
train,1830
train,3211
train,3130
train,1112
train,4341
train,881
train,3358
train,858
train,4284
train,160
train,1707
train,2955
train,2545
train,1336
train,4057
train,872
train,4230
train,1313
train,2103
train,3078
train,3569
train,2499
train,386
train,4344
train,1063
train,526
train,454
train,2466
train,3267
train,1770
train,1078
train,2019
train,3662
train,4211
train,4123
train,655
train,2465
train,3219
train,2916
train,2925
train,3689
train,4220
train,4743
train,4307
train,3874
train,4498
train,3671
train,1422
train,4239
train,4928
train,463
train,486
train,700
train,1382
train,2177
train,690
train,1893
train,2383
train,1679
train,2360
train,1562
train,1888
train,3920
train,3218
train,2897
train,4446
train,4527
train,2745
train,4537
train,4643
train,2796
train,210
train,2717
train,927
train,1796
train,4758
train,761
train,2891
train,349
train,4903
train,2043
train,1448
train,2398
train,1053
train,1280
train,664
train,4882
train,2567
train,4704
train,1678
train,587
train,2061
train,4670
train,2034
train,56
train,4765
train,1002
train,2234
train,906
train,3460
train,2066
train,3343
train,4257
train,3134
train,4125
train,1259
train,2670
train,2040
train,2392
train,3949
train,4658
train,2606
train,2913
train,2178
train,931
train,479
train,4684
train,3806
train,2685
train,4136
train,2071
train,4023
train,1200
train,859
train,1453
train,155
train,4827
train,4062
train,3640
train,3947
train,217
train,3042
train,772
train,468
train,3576
train,4203
train,728
train,2135
train,4749
train,907
train,2663
train,1192
train,4687
train,752
train,2158
train,3788
train,2030
train,1399
train,1036
train,692
train,4253
train,1925
train,2859
train,4149
train,1746
train,3853
train,1352
train,4441
train,4595
train,3369
train,4594
train,3040
train,1697
train,2168
train,4408
train,1734
train,309
train,30
train,4796
train,3810
train,3397
train,3673
train,3196
train,983
train,2877
train,180
train,2711
train,332
train,3801
train,1768
train,3041
train,3991
train,3726
train,1899
train,3385
train,1060
train,3373
train,3074
train,4098
train,4797
train,1599
train,90
train,2347
train,556
train,3784
train,2610
train,4973
train,841
train,3026
train,268
train,2920
train,4332
train,1885
train,4128
train,2464
train,4538
train,4088
train,3121
train,4502
train,652
train,4046
train,4323
train,4625
train,105
train,2186
train,2764
train,1608
train,426
train,1265
train,272
train,2026
train,1826
train,4175
train,3945
train,2074
train,3190
train,4336
train,1836
train,1082
train,1085
train,4492
train,4750
train,1111
train,2766
train,720
train,572
train,3939
train,2165
train,1932
train,4116
train,534
train,3521
train,1059
train,3814
train,3356
train,656
train,4176
train,3620
train,128
train,4962
train,458
train,18
train,4739
train,2719
train,973
train,465
train,1145
train,4047
train,2584
train,901
train,52
train,1368
train,4561
train,1221
train,2442
train,277
train,3034
train,2295
train,2789
train,395
train,2857
train,3930
train,2212
train,234
train,4659
train,1355
train,4460
train,646
train,3003
train,3163
train,2450
train,4540
train,1283
train,3464
train,3932
train,97
train,588
train,3363
train,3404
train,540
train,2068
train,602
train,1242
train,4385
train,4089
train,3262
train,4053
train,4672
train,3472
train,224
train,3746
train,886
train,3361
train,2999
train,3047
train,2111
train,3882
train,3538
train,3431
train,2525
train,3573
train,245
train,472
train,2658
train,3960
train,4388
train,689
train,913
train,2609
train,3075
train,3749
train,4935
train,1477
train,3585
train,1598
train,2175
train,230
train,3290
train,442
train,3349
train,79
train,4666
train,3777
train,3931
train,790
train,647
train,3962
train,4971
train,4553
train,3980
train,1906
train,3505
train,4066
train,4112
train,3204
train,4741
train,494
train,1924
train,471
train,3727
train,2956
train,3583
train,4905
train,9
train,2762
train,618
train,1680
train,661
train,3717
train,4795
train,3355
train,4290
train,2688
train,3227
train,1714
train,1818
train,3611
train,2839
train,2474
train,1636
train,1077
train,727
train,2640
train,4235
train,1574
train,2341
train,2305
train,1271
train,4052
train,4999
train,185
train,2551
train,725
train,2836
train,2851
train,92
train,2285
train,1802
train,2475
train,2170
train,711
train,3866
train,3674
train,4382
train,171
train,3900
train,3578
train,3094
train,511
train,2109
train,1230
train,2708
train,3925
train,4166
train,1656
train,1043
train,3926
train,1580
train,4777
train,4500
train,2088
train,1978
train,4926
train,3563
train,266
train,2187
train,1193
train,3909
train,2896
train,1747
train,4509
train,832
train,173
train,1644
train,4289
train,4579
train,2825
train,4854
train,2880
train,930
train,759
train,1577
train,4469
train,1501
train,4613
train,1150
train,50
train,1387
train,3244
train,2695
train,3021
train,2115
train,3626
train,3024
train,313
train,4334
train,1897
train,2337
train,2445
train,1041
train,3831
train,3432
train,1972
train,980
train,4580
train,3100
train,2758
train,3837
train,4846
train,3582
train,3469
train,795
train,2988
train,3503
train,4585
train,4300
train,4818
train,817
train,1281
train,3372
train,1545
train,4881
train,1133
train,3226
train,887
train,1916
train,2143
train,4130
train,4575
train,4390
train,3115
train,1016
train,364
train,4330
train,1177
train,1006
train,496
train,509
train,2470
train,2568
train,3908
train,411
train,3552
train,1279
train,2865
train,606
train,2515
train,4590
train,1923
train,2416
train,3476
train,4663
train,4429
train,3769
train,783
train,3238
train,3475
train,3986
train,2657
train,4365
train,4378
train,3246
train,2686
train,3873
train,4504
train,596
train,1436
train,3348
train,2265
train,537
train,639
train,966
train,3
train,1253
train,3511
train,2536
train,3661
train,1958
train,219
train,781
train,1066
train,3616
train,1415
train,317
train,4573
train,3876
train,3827
train,1667
train,2585
train,914
train,1776
train,4113
train,4179
train,2541
train,1658
train,469
train,462
train,3773
train,2439
train,3609
train,2794
train,1790
train,2130
train,848
train,1738
train,3794
train,4982
train,4313
train,2819
train,4866
train,4738
train,2801
train,2296
train,379
train,139
train,1657
train,2997
train,3838
train,864
train,2363
train,1727
train,578
train,2242
train,4949
train,3320
train,116
train,3152
train,1220
train,1753
train,4127
train,508
train,3494
train,1183
train,585
train,275
train,4624
train,546
train,4698
train,2407
train,3725
train,1413
train,722
train,3005
train,3093
train,445
train,1772
train,3799
train,2941
train,4100
train,331
train,3379
train,1606
train,1542
train,624
train,3579
train,1136
train,2641
train,87
train,3570
train,4804
train,4604
train,113
train,347
train,4361
train,3167
train,2938
train,2155
train,3199
train,703
train,3135
train,1020
train,2041
train,1985
train,916
train,1817
train,1173
train,1409
train,3177
train,4329
train,1269
train,2763
train,2564
train,1935
train,200
train,3424
train,3259
train,1158
train,44
train,4497
train,1907
train,1484
train,544
train,4384
train,24
train,4612
train,4683
train,1607
train,2612
train,3606
train,2319
train,3036
train,3072
train,3770
train,4158
train,29
train,4240
train,256
train,760
train,2526
train,2696
train,4299
train,1166
train,1494
train,2951
train,2507
train,77
train,2838
train,3812
train,3608
train,3712
train,3491
train,2544
train,3255
train,2652
train,4723
train,1617
train,2312
train,1717
train,3627
train,3099
train,4368
train,4588
train,4968
train,4809
train,4162
train,2970
train,302
train,129
train,3786
train,3600
train,3906
train,1290
train,3371
train,3872
train,3422
train,1222
train,3745
train,1403
train,847
train,3539
train,1365
train,4319
train,814
train,1348
train,3158
train,3345
train,3605
train,1208
train,1198
train,605
train,932
train,3744
train,3709
train,4161
train,355
train,1052
train,3602
train,3560
train,2108
train,904
train,2016
train,4401
train,1586
train,2992
train,4430
train,1862
train,550
train,448
train,3740
train,3286
train,4747
train,3308
train,2333
train,59
train,3995
train,2588
train,83
train,4152
train,4877
train,2250
train,3982
train,3795
train,1174
train,4260
train,3742
train,4131
train,629
train,3518
train,3110
train,1975
train,1866
train,4925
train,3760
train,7
train,179
train,1210
train,3672
train,1412
train,227
train,401
train,1856
train,2730
train,216
train,726
train,196
train,4030
train,3849
train,2279
train,2483
train,1251
train,2937
train,431
train,2045
train,4871
train,4852
train,3455
train,2452
train,1705
train,978
train,4920
train,4087
train,1867
train,4967
train,839
train,1948
train,1115
train,1232
train,4135
train,2936
train,1933
train,1447
train,3790
train,4477
train,3804
train,3886
train,3558
train,1026
train,3186
train,4375
train,3808
train,188
train,3895
train,1207
train,4620
train,2006
train,4642
train,1536
train,137
train,4654
train,109
train,1934
train,4693
train,1180
train,616
train,2142
train,1496
train,2431
train,3748
train,2592
train,4555
train,1005
train,4201
train,3614
train,246
train,4255
train,3250
train,1861
train,4835
train,2729
train,3370
train,1533
train,3315
train,3509
train,4350
train,3257
train,4651
train,3060
train,4874
train,3850
train,2298
train,390
train,1805
train,1870
train,4927
train,3304
train,3283
train,3912
train,974
train,2802
train,267
train,801
train,843
train,4838
train,1786
train,3988
train,2118
train,1429
train,4878
train,2919
train,3426
train,1149
train,4680
train,2227
train,2855
train,1359
train,2338
train,451
train,3985
train,294
train,775
train,3741
train,4393
train,2778
train,20
train,3884
train,2779
train,806
train,4960
train,122
train,1946
train,1571
train,2273
train,1427
train,3120
train,564
train,3070
train,2371
train,2911
train,2674
train,3346
train,3293
train,4764
train,4448
train,4321
train,4233
train,3688
train,2221
train,1468
train,3463
train,4346
train,2982
train,1367
train,3133
train,1766
train,2973
train,4173
train,1810
train,2654
train,600
train,657
train,674
train,648
train,3324
train,4287
train,2556
train,2141
train,1333
train,2837
train,3347
train,590
train,2310
train,734
train,2724
train,3209
train,3758
train,381
train,1437
train,16
train,1777
train,392
train,1202
train,834
train,4115
train,4252
train,3025
train,3045
train,910
train,1434
train,1592
train,2345
train,3322
train,1575
train,3403
train,3771
train,2748
train,3694
train,2806
train,1674
train,4865
train,1472
train,3751
train,121
train,4990
train,4359
train,4942
train,1314
train,2852
train,3695
train,2673
train,2197
train,987
train,680
train,2691
train,4182
train,1614
train,4461
train,4357
train,1894
train,1309
train,3063
train,4428
train,1295
train,1304
train,4565
train,2336
train,2294
train,3458
train,1878
train,628
train,2325
train,736
train,4655
train,4096
train,713
train,1186
train,3968
train,3294
train,1241
train,2823
train,3550
train,4026
train,3336
train,3012
train,3301
train,3952
train,1317
train,3157
train,621
train,1857
train,215
train,3891
train,3787
train,3150
train,3531
train,4276
train,3541
train,2722
train,792
train,2292
train,2608
train,597
train,1308
train,3233
train,2650
train,2834
train,1749
train,3825
train,1643
train,672
train,393
train,3556
train,4317
train,1905
train,2586
train,4841
train,1918
train,4027
train,4771
train,416
train,1373
train,1808
train,4522
train,1825
train,941
train,2253
train,3567
train,248
train,112
train,2430
train,1119
train,2349
train,1428
train,4650
train,3830
train,4414
train,2830
train,794
train,149
train,3071
train,1838
train,2773
train,4811
train,3065
train,3159
train,562
train,1587
train,4844
train,398
train,439
train,348
train,2621
train,845
train,1489
train,2354
train,2184
train,4018
train,1800
train,4637
train,2100
train,1556
train,4051
train,4324
train,1394
train,4012
train,633
train,3990
train,846
train,2786
train,3340
train,4523
train,695
train,1274
train,2455
train,4493
train,1875
train,1917
train,3316
train,3792
train,4780
train,3551
train,3574
train,739
train,539
train,3655
train,4740
train,566
train,2869
train,1289
train,505
train,1908
train,1639
train,853
train,3073
train,4705
train,2737
train,243
train,958
train,34
train,1959
train,2008
train,2329
train,4073
train,4275
train,4138
train,1491
train,3288
train,4413
train,551
train,660
train,4776
train,1462
train,3079
train,361
train,1243
train,2239
train,2467
train,1793
train,1445
train,3854
train,211
train,1528
train,2827
train,1845
train,2302
train,2263
train,1581
train,54
train,1628
train,2036
train,3692
train,698
train,2131
train,1340
train,1983
train,2334
train,4273
train,2077
train,2127
train,157
train,3228
train,323
train,4873
train,2974
train,994
train,4305
train,2636
train,1840
train,1621
train,787
train,4649
train,2139
train,3944
train,4934
train,4022
train,1440
train,3243
train,1321
train,706
train,1048
train,1152
train,2359
train,2840
train,3144
train,1460
train,4896
train,4076
train,1763
train,1767
train,2620
train,4954
train,1191
train,4302
train,4715
train,3284
train,1703
train,1997
train,1254
train,3240
train,1075
train,1282
train,924
train,4924
train,738
train,78
train,1322
train,2769
train,1073
train,292
train,3278
train,1384
train,1969
train,3273
train,2346
train,1301
train,4508
train,4272
train,1305
train,2093
train,3783
train,3376
train,555
train,1431
train,4124
train,2047
train,1502
train,214
train,3959
train,3037
train,2947
train,1294
train,891
train,73
train,2355
train,675
train,4718
train,2906
train,4812
train,4142
train,2675
train,972
train,337
train,1475
train,3038
train,753
train,1486
train,3896
train,4941
train,4601
train,852
train,547
train,582
train,937
train,840
train,3592
train,2757
train,1773
train,2510
train,2810
train,2098
train,2768
train,1945
train,3046
train,3554
train,1799
train,3382
train,2219
train,2458
train,4337
train,2085
train,4731
train,2348
train,1275
train,308
train,934
train,665
train,576
train,2908
train,2910
train,1510
train,4653
train,4392
train,4576
train,800
train,27
train,2328
train,1190
train,949
train,202
train,3067
train,1000
train,1650
train,2822
train,1339
train,1246
train,1011
train,255
train,2744
train,2514
train,4265
train,133
train,1537
train,756
train,3378
train,1401
train,1534
train,2062
train,1455
train,3141
train,1499
train,1458
train,785
train,191
train,3485
train,3861
train,3842
train,765
train,283
train,2582
train,3547
train,440
train,1841
train,1446
train,4373
train,630
train,1754
train,3210
train,1268
train,1937
train,2948
train,4826
train,4857
train,1457
train,964
train,1039
train,3306
train,326
train,3323
train,3716
train,623
train,2811
train,683
train,3722
train,2246
train,519
train,3314
train,4202
train,688
train,1238
train,521
train,3004
train,4132
train,3066
train,1930
train,1622
train,4577
train,4015
train,1492
train,1869
train,1676
train,1517
train,1372
train,1244
train,2180
train,4551
train,1788
train,296
train,981
train,466
train,2477
train,4545
train,2847
train,2004
train,1001
train,3263
train,366
train,1583
train,1566
train,2521
train,1860
train,1463
train,1433
train,1334
train,4815
train,1031
train,4899
train,1018
train,3080
train,2159
train,1032
train,1171
train,4256
train,358
train,474
train,4713
train,828
train,3207
train,488
train,758
train,3401
train,2882
train,1812
train,3867
train,2985
train,4418
train,4546
train,1172
train,3054
train,945
train,614
train,1815
train,257
train,2734
train,4759
train,240
train,3101
train,4700
train,723
train,3699
train,3862
train,4426
train,383
train,2622
train,2070
train,757
train,3124
train,4711
train,490
train,1666
train,1338
train,1357
train,2934
train,4988
train,4410
train,977
train,244
train,1603
train,863
train,748
train,956
train,4800
train,2136
train,2940
train,3017
train,3520
train,1090
train,4953
train,1920
train,865
train,2289
train,4757
train,2504
train,4405
train,1362
train,4372
train,2203
train,142
train,36
train,225
train,3083
train,4664
train,3918
train,253
train,4992
train,893
train,279
train,4439
train,1196
train,4143
train,3967
train,2094
train,2841
train,3619
train,4632
train,419
train,2799
train,3714
train,3161
train,3519
train,1084
train,2635
train,4626
train,903
train,4876
train,3214
train,2014
train,4753
train,354
train,1272
train,4895
train,1759
train,3818
train,2714
train,2244
train,3533
train,2645
train,2390
train,456
train,2473
train,1300
train,2005
train,2102
train,1400
train,3217
train,1789
train,1518
train,3999
train,4805
train,699
train,3823
train,2807
train,1258
train,5
train,2979
train,4596
train,622
train,3248
train,860
train,3658
train,4400
train,3086
train,3668
train,2579
train,986
train,2529
train,3481
train,2489
train,4304
train,4520
train,815
train,2845
train,1890
train,4083
train,1722
train,3123
train,3436
train,3591
train,1498
train,2624
train,3647
train,3142
train,3364
train,4342
train,111
train,952
train,4578
train,4167
train,4455
train,4371
train,4656
train,4188
train,2643
train,3113
train,4003
train,4422
train,334
train,4721
train,3635
train,3028
train,1264
train,1385
train,1329
train,4542
train,1551
train,1255
train,221
train,2216
train,1047
train,3514
train,3467
train,3479
train,4006
train,222
train,1791
train,3136
train,593
train,3416
train,3893
train,1949
train,3407
train,4879
train,3768
train,950
train,1456
train,4832
train,4980
train,187
train,2476
train,60
train,1270
train,1046
train,1061
train,2998
train,4746
train,3049
train,3687
train,1235
train,3353
train,4049
train,1098
train,677
train,3390
train,3515
train,4531
train,2358
train,4728
train,4965
train,1956
train,3052
train,2967
train,2705
train,2308
train,2490
train,2024
train,4248
train,2870
train,1721
train,2649
train,3002
train,1388
train,1407
train,2384
train,1771
train,2538
train,4900
train,2367
train,3798
train,3953
train,429
train,84
train,3415
train,3657
train,1488
train,3465
train,3119
train,4752
train,3978
train,1216
train,2552
train,3845
train,4989
train,743
train,2434
train,3759
train,300
train,3305
train,1605
train,1330
train,1521
train,2072
train,2009
train,995
train,3802
train,1814
train,4157
train,4994
train,2163
train,143
train,3077
train,2147
train,3670
train,4689
train,37
train,163
train,2260
train,3878
train,673
train,132
train,2001
train,57
train,38
train,3697
train,4060
train,3924
train,2516
train,4681
train,3928
train,1479
train,4229
train,3229
train,4432
train,3375
train,501
train,3973
train,2403
train,532
train,2406
train,470
train,3183
train,808
train,755
train,1739
train,2153
train,2578
train,2718
train,2875
train,2409
train,2895
train,3452
train,2281
train,670
train,3266
train,3127
train,117
train,152
train,1490
train,4101
train,144
train,3275
train,2114
train,1212
train,1391
train,3154
train,2255
train,307
train,2226
train,835
train,3391
train,2097
train,3858
train,3408
train,4311
train,404
train,862
train,961
train,1076
train,4082
train,4931
train,1156
train,517
train,3871
train,3747
train,1094
train,697
train,2902
train,4779
train,341
train,3225
train,4473
train,4964
train,4528
train,3185
train,1087
train,1010
train,2583
train,259
train,2912
train,3116
train,1509
train,4353
train,4243
train,3423
train,3529
train,3903
train,2083
train,3031
train,1654
train,441
train,3913
train,3762
train,2376
train,598
train,876
train,3023
train,4312
train,658
train,13
train,3337
train,4367
train,1370
train,1827
train,2210
train,343
train,4539
train,1986
train,4986
train,4153
train,3496
train,4137
train,141
train,2256
train,3958
train,1379
train,1360
train,413
train,58
train,3636
train,2350
train,151
train,3421
train,4389
train,2357
train,96
train,2129
train,1601
train,4532
train,1478
train,2486
train,269
train,1137
train,2276
train,2413
train,2441
train,611
train,1299
train,2411
train,4251
train,1748
train,71
train,1954
train,2261
train,4183
train,3735
train,1442
train,1097
train,1615
train,1234
train,4014
train,2344
train,2096
train,4151
train,3643
train,1623
train,3236
train,4861
train,4673
train,2389
train,4610
train,1921
train,1169
train,604
train,724
train,4404
train,181
train,4013
train,212
train,3414
train,264
train,2400
train,2697
train,1473
train,953
train,4366
train,3245
train,2137
train,1576
train,2087
train,778
train,3359
train,2438
train,709
train,4044
train,1809
train,1731
train,174
train,3056
train,4754
train,315
train,385
train,4445
train,4843
train,2206
train,4837
train,1613
train,3954
train,4351
train,183
train,3087
train,4909
train,65
train,2291
train,764
train,3885
train,2741
train,400
train,2023
train,1114
train,1632
train,1725
train,3187
train,1121
train,1681
train,954
train,2059
train,4773
train,2746
train,2750
train,687
train,2615
train,4556
train,1096
train,944
train,3813
train,2232
train,4042
train,2715
train,1548
train,4761
train,825
train,495
train,2939
train,14
train,3642
train,3351
train,4019
train,3836
train,4744
train,4327
train,2706
train,4225
train,869
train,2899
train,3411
train,1625
train,2079
train,2065
train,851
train,3050
train,1007
train,2402
train,4790
train,4505
train,460
train,423
train,2577
train,542
train,4475
train,4478
train,213
train,3721
train,2532
train,4563
train,4966
train,3091
train,3936
train,2519
train,3641
train,2427
train,4452
train,4247
train,4069
train,4274
train,2889
train,4769
train,1224
train,4028
train,362
train,1195
train,2192
train,2015
train,1424
train,589
train,2905
train,1219
train,922
train,730
train,3068
train,1461
train,1626
train,3660
train,2710
train,829
train,1170
train,4071
train,3528
train,988
train,303
train,2237
train,4897
train,2755
train,529
train,2444
train,4471
train,4126
train,3549
train,1709
train,1567
train,1660
train,3057
train,123
train,235
train,2733
train,4710
train,3303
train,3776
train,338
train,802
train,4648
train,1602
train,1886
train,3265
train,570
train,2365
train,3459
train,3910
train,1758
train,3418
train,4095
train,2533
train,2201
train,4957
train,288
train,804
train,925
train,3966
train,4898
train,3815
train,55
train,1915
train,2316
train,1143
train,1573
train,1430
train,1033
train,1044
train,4892
train,584
train,4449
train,1476
train,2994
train,342
train,2547
train,2953
train,3197
train,3584
train,1144
train,2321
train,4156
train,620
train,1474
train,1140
train,2029
train,822
train,1593
train,2861
train,1619
train,4380
train,686
train,4549
train,1710
train,2054
train,1837
train,3965
train,3723
train,3156
train,1303
train,2898
train,4638
train,4480
train,2436
train,682
train,4644
train,2961
train,1138
train,4279
train,1277
train,85
train,49
train,3184
train,3328
train,4572
train,184
train,1961
train,4720
train,387
train,2293
train,4893
train,1585
train,198
train,4839
train,2322
train,487
train,1904
train,4223
train,1630
train,1015
train,3644
train,3803
train,2676
train,3865
train,2828
train,4122
train,4421
train,779
train,2968
train,4923
train,165
train,4078
train,4995
train,1750
train,888
train,4940
train,4791
train,2397
train,1538
train,719
train,659
train,2284
train,2196
train,3174
train,311
train,979
train,2713
train,1402
train,4195
train,4872
train,650
train,1732
train,1021
train,4355
train,2228
train,21
train,1600
train,3897
train,2202
train,4836
train,3247
train,3014
train,2886
train,2596
train,3321
train,1624
train,3940
train,76
train,1042
train,3816
train,2148
train,4600
train,636
train,1181
train,3338
train,3268
train,2056
train,2732
train,1544
train,3137
train,1879
train,749
train,305
train,2672
train,3880
train,3272
train,446
train,1698
train,4830
train,48
train,4345
train,512
train,1091
train,1999
train,2340
train,4217
train,3987
train,4867
train,1804
train,3501
train,793
train,3557
train,2716
train,4833
train,3857
train,3800
train,1513
train,1929
train,4706
train,1889
train,3834
train,3213
train,3462
train,2689
train,1347
train,3535
train,1017
train,408
train,4727
train,2935
train,1627
train,715
train,2587
train,1569
train,856
train,3822
train,88
train,2387
train,497
train,4063
train,3102
train,1396
train,4617
train,3444
train,4297
train,3994
train,705
train,2101
train,3652
train,2756
train,1398
train,4870
train,591
train,2125
train,2497
train,4667
train,975
train,4215
train,4043
train,1806
train,3663
train,3342
train,3088
train,1203
train,1469
train,1541
train,1699
train,1781
train,4916
train,228
train,3162
train,4534
train,2693
train,1038
train,1418
train,2978
train,1730
train,1284
train,2883
train,4618
train,3181
train,4174
train,649
train,1465
train,4855
train,4197
train,982
train,2546
train,3310
train,1004
train,4077
train,3357
train,1941
train,4547
train,3473
train,2682
train,4943
train,3206
train,3575
train,2257
train,4383
train,3126
train,2081
train,2172
train,3653
train,2405
train,455
train,3406
train,4463
train,3326
train,2
train,2856
train,3839
train,2646
train,153
train,4080
train,1928
train,406
train,218
train,1892
train,3731
train,1663
train,4543
train,1516
train,1130
train,3680
train,2782
train,3755
train,4070
train,4270
train,3553
train,1882
train,414
train,2301
train,4037
train,1554
train,543
train,2633
train,3339
train,3964
train,4853
train,4296
train,4177
train,2616
train,4280
train,2813
train,2731
train,1209
train,1104
train,4318
train,4141
train,482
train,1661
train,1801
train,3412
train,1563
train,3256
train,3477
train,3877
train,654
train,1197
train,1495
train,4194
train,4894
train,4209
train,3280
train,3447
train,1982
train,4440
train,4880
train,2771
train,581
train,2372
train,304
train,638
train,541
train,2795
train,1824
train,1262
train,2535
train,4891
train,2379
train,3690
train,2078
train,4111
train,4762
train,3456
train,2275
train,3984
train,1487
train,2229
train,4629
train,4937
train,4930
train,3051
train,424
train,3780
train,1651
train,4997
train,1938
train,1072
train,2171
train,1109
train,3696
train,4552
train,4609
train,2236
train,3767
train,1780
train,880
train,985
train,717
train,450
train,4244
train,2457
train,220
train,545
train,4285
train,4001
train,2591
train,898
train,1233
train,1612
train,2194
train,1715
train,2311
train,1947
train,2161
train,2971
train,4794
train,2361
train,3852
train,373
train,1659
train,1110
train,3565
train,3819
train,4657
train,3454
train,2966
train,2626
train,3239
train,3927
train,1443
train,4163
train,1318
train,2110
train,4467
train,3901
train,1346
train,2783
train,384
train,991
train,3902
train,2614
train,2949
train,1523
train,1635
train,4848
train,4719
train,127
train,1481
train,203
train,2169
train,1103
train,1019
train,1298
train,3774
train,3855
train,2969
train,376
train,316
train,4184
train,168
train,2351
train,4092
train,4525
train,3153
train,1027
train,464
train,4364
train,1421
train,3706
train,4591
train,94
train,1553
train,2123
train,4399
train,2462
train,4117
train,1397
train,3527
train,2562
train,4106
train,1147
train,919
train,3043
train,346
train,902
train,2520
train,4097
train,1250
train,3365
train,4381
train,3169
train,4983
train,1342
train,1729
train,1261
train,3622
train,2702
train,2324
train,4205
train,816
train,2307
train,4415
train,3820
train,2804
train,3919
train,2306
train,204
train,2879
train,3395
train,2207
train,2602
train,360
train,921
train,4391
train,2860
train,573
train,3634
train,523
train,484
train,1351
train,1967
train,2022
train,4431
train,1291
train,873
train,3651
train,3325
train,3118
train,3993
train,553
train,2826
train,2164
train,1335
train,2064
train,4133
train,3883
train,2190
train,1847
train,2843
train,2377
train,3604
train,3027
train,742
train,4245
train,2481
train,721
train,1386
train,989
train,1927
train,2453
train,3916
train,2042
train,878
train,3892
train,1093
train,1252
train,2848
train,1966
train,1146
train,1106
train,1694
train,609
train,2086
train,2494
train,4045
train,2182
train,239
train,4268
train,2451
train,4559
train,2297
train,4412
train,799
train,1049
train,533
train,3921
train,1686
train,4512
train,2892
train,4755
train,1124
train,3824
train,4699
train,412
train,3450
train,3703
train,3112
train,1228
train,4619
train,4521
train,2214
train,231
train,1095
train,2903
train,3625
train,3859
train,2692
train,4885
train,4586
train,35
train,421
train,1990
train,3526
train,4339
train,4519
train,3111
train,3230
train,879
train,3739
train,2231
train,3318
train,3665
train,2595
train,2017
train,3559
train,1182
train,2198
train,3637
train,4516
train,1706
train,1055
train,4170
train,684
train,4034
train,2876
train,3708
train,4631
train,1582
train,610
train,433
train,1962
train,3497
train,2482
train,475
train,1610
train,3707
train,2039
train,2080
train,2793
train,1205
train,4707
train,2739
train,507
train,1596
train,3548
train,357
train,2638
train,2772
train,877
train,4922
train,195
train,3915
train,2884
train,3249
train,4109
train,1964
train,733
train,1141
train,2803
train,1086
train,485
train,4921
train,2751
train,3419
train,1718
train,2781
train,2264
train,3008
train,3879
train,3793
train,2668
train,192
train,1420
train,1728
train,2189
train,894
train,2251
train,4974
train,2506
train,4263
train,365
train,4875
train,3417
train,767
train,2963
train,2661
train,4907
train,405
train,3173
train,1965
train,637
train,4189
train,422
train,107
train,2990
train,938
train,612
train,844
train,530
train,263
train,4695
train,1741
train,2933
train,1646
train,3888
train,2012
train,3398
train,2930
train,4696
train,1989
train,3743
train,3182
train,1375
train,1775
train,1120
train,4007
train,3957
train,3029
train,3911
train,2104
train,3846
train,4236
train,1691
train,3889
train,1176
train,3220
train,2414
train,520
train,3513
train,1506
train,4599
train,4039
train,704
train,74
train,607
train,4668
train,4206
train,1452
train,1981
train,477
train,4616
train,1868
train,1591
train,1378
train,3148
train,1971
train,4888
train,4929
train,2604
train,1526
train,3201
train,3260
train,1113
train,1902
train,1101
train,1570
train,19
train,3466
train,4293
train,4271
train,370
train,4054
train,4972
train,2742
train,3076
train,3667
train,2699
train,3835
train,1153
train,1647
train,1723
train,1508
train,4760
train,2317
train,2709
train,4730
train,4799
train,39
train,2607
train,4732
train,667
train,3164
train,2252
train,4902
train,2401
train,4281
train,2073
train,536
train,1236
train,1853
train,1260
train,2380
train,2580
train,2468
train,1672
train,2121
train,3904
train,3796
train,3352
train,3848
train,2220
train,4774
train,2152
train,1157
train,2258
train,2342
train,2642
train,2224
train,3180
train,3976
train,1292
train,3059
train,4316
train,2099
train,1239
train,3366
train,491
train,2215
train,22
train,2629
train,4961
train,4501
train,1226
train,4936
train,777
train,26
train,1877
train,3486
train,1441
train,164
train,1743
train,2394
train,2368
train,3261
train,4996
train,3615
train,2522
train,1653
train,312
train,1995
train,3588
train,2106
train,1559
train,3155
train,2179
train,3058
train,33
train,824
train,1668
train,4186
train,3998
train,3443
train,4387
train,297
train,2972
train,4748
train,3269
train,773
train,3869
train,3738
train,2230
train,1503
train,2767
train,1852
train,1742
train,963
train,4450
train,4402
train,4985
train,2021
train,2449
train,4884
train,4816
train,900
train,1162
train,3307
train,4363
train,1993
train,3471
train,3686
train,1507
train,2418
train,4564
train,1769
train,3530
train,2095
train,710
train,3433
train,2634
train,4828
train,3484
train,3253
train,298
train,3502
train,321
train,2625
train,2156
train,2339
train,4584
train,273
train,1071
train,836
train,438
train,2927
train,1088
train,2790
train,4979
train,4008
train,812
train,410
train,3367
train,4851
train,923
train,1092
train,1811
train,4569
train,4456
train,238
train,1374
train,2788
train,3805
train,2518
train,3297
train,3032
train,2962
train,4160
train,4164
train,2063
train,4031
train,399
train,1102
train,4887
train,640
train,3117
train,2983
train,3720
train,3929
train,2290
train,3701
train,563
train,2683
train,2667
train,2597
train,1218
train,998
train,70
train,4104
train,2664
train,2233
train,2888
train,2611
train,2443
train,3420
train,2569
train,2461
train,4917
train,531
train,1035
train,2829
train,3354
train,797
train,2656
train,4396
train,4193
train,1638
train,1286
train,2386
train,247
train,3675
train,1062
train,857
train,4886
train,3203
train,4562
train,4266
train,4582
train,4118
train,4218
train,3480
train,770
train,2488
train,959
train,4716
train,2132
train,1065
train,2565
train,2138
train,476
train,3147
train,280
train,2472
train,702
train,4763
train,4652
train,4494
train,2211
train,201
train,3654
train,3237
train,1050
train,3631
train,271
train,1037
train,328
train,2561
train,813
train,3033
train,4105
train,3843
train,747
train,432
train,367
train,3507
train,1665
train,480
train,1237
train,791
train,4883
train,2060
train,4615
train,2188
train,574
train,3474
train,1633
train,3380
train,2893
train,4237
train,3510
train,2864
train,1435
train,493
train,2010
train,1991
train,2128
train,4756
train,2701
train,3192
train,3666
train,1572
train,2287
train,1067
train,4093
train,226
train,1557
train,745
train,3543
train,962
train,2241
train,350
train,1056
train,498
train,290
train,118
train,4944
train,3791
train,651
train,1064
train,2082
train,3108
train,467
train,1189
train,3172
train,124
train,249
train,1247
train,1311
train,3276
train,1604
train,2352
train,3138
train,2617
train,3935
train,42
train,126
train,378
train,645
train,1751
train,908
train,4065
train,2704
train,2112
train,3700
train,1735
train,3191
train,3789
train,2323
train,1931
train,1898
train,4911
train,3095
train,3684
train,4503
train,1910
train,4333
train,1819
train,780
train,1414
train,4438
train,2249
train,2805
train,4423
train,4050
train,284
train,4970
train,190
train,453
train,368
train,1529
train,818
train,4770
train,2632
train,3252
train,1864
train,871
train,558
train,2502
train,1689
train,948
train,1970
train,3282
train,2537
train,2958
train,3610
train,1131
train,1135
train,1331
train,3763
train,2146
train,1213
train,3633
train,1356
train,594
train,4466
train,4347
train,2035
train,3537
train,2593
train,3298
train,4984
train,2000
train,2119
train,1821
train,2700
train,2126
train,3961
train,1411
train,3274
train,3215
train,4904
train,2915
train,2209
train,2432
train,1380
train,407
train,4190
train,3833
train,3016
train,4286
train,613
train,561
train,2204
train,2735
train,1943
train,1701
train,4326
train,4444
train,2493
train,2259
train,3292
train,762
train,1324
train,4154
train,1344
train,161
train,3624
train,548
train,2909
train,571
train,3461
train,807
train,4370
train,2218
train,371
train,4180
train,3826
train,1389
train,4745
train,2124
train,3785
train,1245
train,2487
train,3368
train,2167
train,2862
train,82
train,601
train,4581
train,2213
train,4483
train,1278
train,3334
train,4823
train,4608
train,2028
train,4036
train,554
train,2752
train,3319
train,3488
train,3188
train,28
train,4310
train,2944
train,1616
train,4349
train,3681
train,4912
train,2501
train,3350
train,4234
train,3781
train,1629
train,4185
train,4470
train,31
train,1670
train,4485
train,3092
train,926
train,4032
train,2780
train,3271
train,4417
train,2496
train,2868
train,4993
train,3623
train,1014
train,6
train,2651
train,4465
train,2923
train,4120
train,3581
train,2549
train,3061
train,4099
train,4611
train,1118
train,4951
train,108
train,4472
train,197
train,885
train,2326
train,1677
train,3139
train,1711
train,997
train,3440
train,4020
train,2924
train,1376
train,3656
train,2055
train,2548
train,2238
train,1642
train,4442
train,1215
train,2332
train,1416
train,1692
train,2133
train,1984
train,252
train,172
train,3594
train,4328
train,4945
train,32
train,3103
train,2033
train,2274
train,2420
train,967
train,3344
train,4374
train,3532
train,976
train,1736
train,3997
train,4589
train,3589
train,2666
train,1349
train,4820
train,4772
train,3132
train,1974
train,3645
train,671
train,1139
train,685
train,2191
train,827
train,4845
train,740
train,4294
train,333
train,4622
train,1350
train,4219
val,3145
val,2850
val,4913
val,4533
val,427
val,4784
val,4814
val,2052
val,1276
val,1444
val,3090
val,4210
val,1009
val,696
val,3807
val,1353
val,3044
val,2454
val,2447
val,2554
val,1669
val,4524
val,1306
val,3020
val,4191
val,586
val,394
val,1797
val,2254
val,2760
val,3377
val,1843
val,3922
val,4055
val,2563
val,1952
val,1849
val,3590
val,4103
val,2598
val,4331
val,1454
val,61
val,3981
val,1913
val,731
val,1410
val,3285
val,3258
val,2268
val,4647
val,1134
val,1025
val,1132
val,2907
val,510
val,154
val,3413
val,199
val,3979
val,2113
val,4781
val,2774
val,3241
val,89
val,3713
val,4407
val,3599
val,4434
val,2049
val,4499
val,3523
val,3659
val,527
val,2069
val,2025
val,397
val,1293
val,4403
val,3544
val,2448
val,1459
val,1682
val,4963
val,2589
val,260
val,4468
val,1160
val,1693
val,1034
val,2404
val,4213
val,875
val,2503
val,2619
val,1159
val,1225
val,1471
val,1419
val,4171
val,631
val,2687
val,4107
val,4701
val,1263
val,3840
val,4040
val,2942
val,2382
val,81
val,4956
val,615
val,580
val,4722
val,4734
val,592
val,3291
val,1996
val,166
val,1803
val,2007
val,754
val,4458
val,826
val,2738
val,2013
val,2480
val,2594
val,1530
val,2680
val,336
val,2513
val,3198
val,1863
val,2776
val,741
val,3669
val,732
val,2300
val,666
val,2952
val,2018
val,1631
val,2517
val,1702
val,4436
val,1500
val,2122
val,2914
val,3841
val,4709
val,1762
val,2048
val,912
val,3734
val,2599
val,525
val,515
val,3264
val,2566
val,3205
val,3685
val,2623
val,4702
val,86
val,223
val,324
val,4977
val,1700
val,820
val,2576
val,3907
val,2075
val,4708
val,2408
val,4447
val,3098
val,3564
val,842
val,1302
val,1977
val,4847
val,4810
val,946
val,1327
val,4831
val,1963
val,1539
val,327
val,942
val,3387
val,751
val,4856
val,101
val,2422
val,374
val,882
val,2270
val,3750
val,936
val,4376
val,4623
val,2421
val,2989
val,2185
val,669
val,4636
val,1832
val,4507
val,4675
val,627
val,4778
val,939
val,2792
val,1024
val,1206
val,3114
val,599
val,3330
val,320
val,2627
val,854
val,4515
val,1108
val,4004
val,1926
val,2385
val,933
val,2787
val,2775
val,3015
val,4862
val,4144
val,2721
val,2195
val,1744
val,4409
val,1364
val,1390
val,1089
val,693
val,330
val,535
val,1922
val,4362
val,3969
val,4377
val,4901
val,4486
val,3106
val,789
val,2183
val,1745
val,3516
val,2777
val,1107
val,4614
val,2684
val,1645
val,1285
val,148
val,2304
val,3295
val,2665
val,140
val,4094
val,4129
val,2425
val,3195
val,855
val,4033
val,1590
val,3546
val,4697
val,1685
val,811
val,2842
val,1641
val,3096
val,306
val,4168
val,1405
val,3775
val,4671
val,1782
val,310
val,4593
val,69
val,1068
val,2067
val,4627
val,4955
val,1296
val,2440
val,2542
val,626
val,579
val,2509
val,388
val,1737
val,1029
val,2446
val,481
val,3492
val,2631
val,4717
val,3235
val,251
val,4291
val,1828
val,3693
val,4231
val,1807
val,4462
val,3495
val,4147
val,3650
val,1312
val,289
val,1199
val,3254
val,146
val,1846
val,170
val,3536
val,1712
val,4178
val,2076
val,890
val,2116
val,1540
val,3448
val,2812
val,3166
val,2555
val,193
val,935
val,3881
val,4067
val,2637
val,3724
val,2412
val,2235
val,1377
val,4320
val,2090
val,1307
val,1371
val,569
val,2378
val,2821
val,1512
val,896
val,2200
val,2044
val,2303
val,119
val,3710
val,136
val,681
val,577
val,265
val,2091
val,4514
val,750
val,1480
val,4787
val,4511
val,1451
val,1880
val,229
val,3753
val,2712
val,4424
val,4411
val,12
val,2835
val,4933
val,2922
val,3972
val,3386
val,4134
val,1637
val,4541
val,4669
val,2987
val,3941
val,459
val,3490
val,1683
val,4598
val,4249
val,1058
val,4198
val,3143
val,46
val,4489
val,2205
val,3761
val,2894
val,4733
val,2816
val,4208
val,3313
val,1901
val,4491
val,4420
val,1634
val,100
val,1859
val,4114
val,1381
val,1395
val,3224
val,4736
val,4859
val,2527
val,356
val,3844
val,242
val,4011
val,3035
val,3221
val,4267
val,1341
val,884
val,4165
val,3595
val,708
val,3069
val,4495
val,3007
val,1417
val,3394
val,3311
val,1988
val,3934
val,282
val,4825
val,3222
val,4139
val,4090
val,4813
val,2327
val,2485
val,1555
val,4159
val,4969
val,4102
val,2725
val,990
val,2428
val,1522
val,819
val,4558
val,3409
val,176
val,2373
val,3765
val,1792
val,1891
val,2831
val,1909
val,4529
val,4061
val,3587
val,1816
val,4322
val,237
val,3457
val,1774
val,3122
val,75
val,4435
val,208
val,182
val,250
val,2600
val,837
val,4842
val,1874
val,2181
val,3648
val,17
val,4976
val,3545
val,3193
val,232
val,3996
val,768
val,1719
val,3109
val,3868
val,3682
val,4058
val,965
val,2089
val,516
val,4662
val,1100
